id;avg_net_income;unemployment_count;unemployment_percentage;population;dateID;districtID;sexID
0;25463;433;0.03532;17630;0;0;0
1;31961;232;0.03803;17630;0;0;1
2;18536;201;0.03264;17630;0;0;2
3;16439;4784;0.07698;89016;0;1;0
4;18301;2933;0.09267;89016;0;1;1
5;14282;1851;0.0607;89016;0;1;2
6;18701;3957;0.06825;82227;0;2;0
7;21444;2403;0.08354;82227;0;2;1
8;15804;1554;0.0532;82227;0;2;2
9;20325;1140;0.05568;28975;0;3;0
10;23641;668;0.06657;28975;0;3;1
11;16876;472;0.04521;28975;0;3;2
12;16258;2881;0.08015;49785;0;4;0
13;17937;1734;0.09556;49785;0;4;1
14;14395;1147;0.06445;49785;0;4;2
15;18724;1398;0.0654;28525;0;5;0
16;21260;871;0.08133;28525;0;5;1
17;16069;527;0.04941;28525;0;5;2
18;18429;1232;0.05686;28912;0;6;0
19;21129;706;0.06589;28912;0;6;1
20;15725;526;0.04803;28912;0;6;2
21;20108;892;0.05326;22219;0;7;0
22;23342;529;0.06384;22219;0;7;1
23;16931;363;0.0429;22219;0;7;2
24;19106;1473;0.053;38290;0;8;0
25;22183;904;0.06617;38290;0;8;1
26;16031;569;0.04027;38290;0;8;2
27;16707;8593;0.0805;152796;0;9;0
28;18657;5293;0.09927;152796;0;9;1
29;14478;3300;0.06176;152796;0;9;2
30;16742;4265;0.07563;78785;0;10;0
31;18883;2474;0.08869;78785;0;10;1
32;14296;1792;0.06289;78785;0;10;2
33;16950;4283;0.07808;78971;0;11;0
34;18884;2575;0.09511;78971;0;11;1
35;14794;1708;0.06147;78971;0;11;2
36;23914;1273;0.03928;50341;0;12;0
37;29951;707;0.04679;50341;0;12;1
38;17877;565;0.03267;50341;0;12;2
39;19511;3299;0.06001;79142;0;13;0
40;22571;1999;0.07477;79142;0;13;1
41;16300;1301;0.04607;79142;0;13;2
42;14999;3888;0.08006;67482;0;14;0
43;16355;2486;0.09931;67482;0;14;1
44;13439;1403;0.05962;67482;0;14;2
45;16330;4996;0.08019;87914;0;15;0
46;18004;3197;0.10242;87914;0;15;1
47;14465;1800;0.05791;87914;0;15;2
48;17604;2513;0.07298;48827;0;16;0
49;20022;1534;0.08952;48827;0;16;1
50;14960;979;0.0566;48827;0;16;2
51;20413;1739;0.0559;45505;0;17;0
52;24325;1008;0.06808;45505;0;17;1
53;16466;731;0.04484;45505;0;17;2
54;22469;2169;0.05033;65327;0;18;0
55;27605;1235;0.06095;65327;0;18;1
56;17113;934;0.0409;65327;0;18;2
57;15696;4566;0.08355;76837;0;19;0
58;17143;2892;0.10375;76837;0;19;1
59;13986;1675;0.06256;76837;0;19;2
60;17977;6460;0.07157;129726;0;20;0
61;20611;3760;0.08586;129726;0;20;1
62;15081;2699;0.05808;129726;0;20;2
63;18915;5663;0.05779;138100;0;21;0
64;22016;3110;0.06574;138100;0;21;1
65;15577;2553;0.05037;138100;0;21;2
66;20799;2999;0.05007;85791;0;22;0
67;24849;1718;0.06005;85791;0;22;1
68;16511;1281;0.04093;85791;0;22;2
69;26571;451;0.03682;17541;1;0;0
70;33764;242;0.03989;17541;1;0;1
71;18907;209;0.0338;17541;1;0;2
72;16549;5073;0.08032;89954;1;1;0
73;18296;3119;0.09718;89954;1;1;1
74;14478;1954;0.06291;89954;1;1;2
75;18940;4216;0.07204;82297;1;2;0
76;21523;2583;0.08938;82297;1;2;1
77;16150;1633;0.05513;82297;1;2;2
78;20730;1163;0.05593;29348;1;3;0
79;24031;687;0.06728;29348;1;3;1
80;17256;476;0.04498;29348;1;3;2
81;16402;3031;0.08253;50367;1;4;0
82;17976;1836;0.09896;50367;1;4;1
83;14633;1195;0.06576;50367;1;4;2
84;19059;1479;0.06853;28805;1;5;0
85;21460;935;0.08681;28805;1;5;1
86;16449;544;0.05031;28805;1;5;2
87;18941;1262;0.05775;28968;1;6;0
88;21490;734;0.06822;28968;1;6;1
89;16388;528;0.0476;28968;1;6;2
90;20345;947;0.05433;23156;1;7;0
91;23644;575;0.06564;23156;1;7;1
92;17106;372;0.04291;23156;1;7;2
93;19141;1593;0.05646;38304;1;8;0
94;21776;970;0.06953;38304;1;8;1
95;16336;623;0.04368;38304;1;8;2
96;16792;9145;0.08383;156349;1;9;0
97;18586;5658;0.10376;156349;1;9;1
98;14669;3487;0.06391;156349;1;9;2
99;16838;4481;0.07831;80485;1;10;0
100;18937;2590;0.09135;80485;1;10;1
101;14403;1891;0.0655;80485;1;10;2
102;16999;4659;0.08288;80270;1;11;0
103;18834;2801;0.10087;80270;1;11;1
104;14895;1858;0.06531;80270;1;11;2
105;24149;1367;0.04174;50797;1;12;0
106;29800;762;0.04984;50797;1;12;1
107;18220;604;0.03458;50797;1;12;2
108;19613;3506;0.06293;80185;1;13;0
109;22460;2103;0.07762;80185;1;13;1
110;16534;1403;0.04902;80185;1;13;2
111;14998;4079;0.08283;67976;1;14;0
112;16321;2589;0.10237;67976;1;14;1
113;13415;1490;0.06221;67976;1;14;2
114;16434;5451;0.0863;89153;1;15;0
115;17991;3447;0.10896;89153;1;15;1
116;14593;2004;0.06356;89153;1;15;2
117;17713;2753;0.078;49428;1;16;0
118;19906;1701;0.09668;49428;1;16;1
119;15215;1052;0.05943;49428;1;16;2
120;20614;1898;0.06007;45872;1;17;0
121;24511;1091;0.07239;45872;1;17;1
122;16593;807;0.04882;45872;1;17;2
123;22458;2446;0.05629;66017;1;18;0
124;27421;1403;0.0689;66017;1;18;1
125;17292;1043;0.04517;66017;1;18;2
126;15705;4967;0.08895;78792;1;19;0
127;17018;3149;0.11038;78792;1;19;1
128;14096;1818;0.06656;78792;1;19;2
129;18071;6753;0.07342;131892;1;20;0
130;20582;3931;0.08808;131892;1;20;1
131;15264;2823;0.05963;131892;1;20;2
132;19091;5917;0.05946;140404;1;21;0
133;22105;3255;0.06788;140404;1;21;1
134;15075;2662;0.05163;140404;1;21;2
135;20869;3236;0.05357;86486;1;22;0
136;24792;1878;0.06519;86486;1;22;1
137;16651;1358;0.04298;86486;1;22;2
138;26854;443;0.03659;17384;2;0;0
139;33770;245;0.04083;17384;2;0;1
140;19483;198;0.03242;17384;2;0;2
141;16640;4782;0.07507;90837;2;1;0
142;18263;2929;0.09058;90837;2;1;1
143;14746;1853;0.05909;90837;2;1;2
144;19290;4329;0.0729;83019;2;2;0
145;21964;2639;0.08972;83019;2;2;1
146;16466;1690;0.0564;83019;2;2;2
147;21126;1103;0.05264;29394;2;3;0
148;24824;663;0.0646;29394;2;3;1
149;17320;440;0.04116;29394;2;3;2
150;16484;2960;0.07919;51098;2;4;0
151;18108;1808;0.09578;51098;2;4;1
152;14712;1153;0.06232;51098;2;4;2
153;19132;1501;0.06917;28891;2;5;0
154;21560;957;0.08835;28891;2;5;1
155;16530;544;0.05005;28891;2;5;2
156;19046;1223;0.05596;29012;2;6;0
157;21447;722;0.06712;29012;2;6;1
158;16665;501;0.04514;29012;2;6;2
159;20645;874;0.0496;23309;2;7;0
160;23832;532;0.06024;23309;2;7;1
161;17516;342;0.03891;23309;2;7;2
162;19534;1675;0.05811;38865;2;8;0
163;22627;1009;0.07041;38865;2;8;1
164;16460;666;0.04594;38865;2;8;2
165;16765;9871;0.08869;159105;2;9;0
166;18542;6056;0.10915;159105;2;9;1
167;14680;3815;0.06835;159105;2;9;2
168;16930;4616;0.08023;81369;2;10;0
169;18901;2683;0.09413;81369;2;10;1
170;14658;1934;0.06662;81369;2;10;2
171;17126;5027;0.08781;82178;2;11;0
172;19039;3010;0.10638;82178;2;11;1
173;14974;2017;0.06967;82178;2;11;2
174;24701;1490;0.04541;50896;2;12;0
175;30745;830;0.05424;50896;2;12;1
176;18641;660;0.0377;50896;2;12;2
177;19809;3763;0.06697;80505;2;13;0
178;22804;2230;0.0817;80505;2;13;1
179;16637;1533;0.05305;80505;2;13;2
180;15025;4442;0.08926;68760;2;14;0
181;16252;2798;0.10985;68760;2;14;1
182;13560;1643;0.06763;68760;2;14;2
183;16576;5567;0.08674;89822;2;15;0
184;18087;3549;0.11035;89822;2;15;1
185;14835;2018;0.06302;89822;2;15;2
186;17768;2869;0.07933;50278;2;16;0
187;19940;1790;0.09919;50278;2;16;1
188;15329;1080;0.0596;50278;2;16;2
189;20915;1968;0.06168;46309;2;17;0
190;25061;1163;0.0762;46309;2;17;1
191;16671;805;0.04836;46309;2;17;2
192;22875;2502;0.05744;66437;2;18;0
193;28208;1419;0.06974;66437;2;18;1
194;17401;1083;0.04667;66437;2;18;2
195;15783;4633;0.08197;79441;2;19;0
196;17145;2928;0.10185;79441;2;19;1
197;14128;1706;0.06143;79441;2;19;2
198;18158;6977;0.07529;133801;2;20;0
199;20700;4078;0.09054;133801;2;20;1
200;15356;2900;0.0609;133801;2;20;2
201;19355;6044;0.06002;142620;2;21;0
202;22477;3315;0.06836;142620;2;21;1
203;15953;2730;0.0523;142620;2;21;2
204;20923;3360;0.05556;87080;2;22;0
205;24809;1929;0.06698;87080;2;22;1
206;16814;1430;0.04514;87080;2;22;2
207;28638;423;0.03513;17294;3;0;0
208;35904;238;0.03964;17294;3;0;1
209;21011;184;0.03047;17294;3;0;2
210;17074;4812;0.07536;91364;3;1;0
211;18703;2944;0.09066;91364;3;1;1
212;15179;1868;0.05952;91364;3;1;2
213;19799;4402;0.07376;83827;3;2;0
214;22520;2619;0.0885;83827;3;2;1
215;16910;1783;0.05927;83827;3;2;2
216;21767;1037;0.04894;29573;3;3;0
217;25133;621;0.05958;29573;3;3;1
218;18307;416;0.03864;29573;3;3;2
219;16873;2849;0.07488;51882;3;4;0
220;18436;1751;0.09092;51882;3;4;1
221;15143;1098;0.05843;51882;3;4;2
222;19714;1473;0.06716;29012;3;5;0
223;22184;949;0.08654;29012;3;5;1
224;17087;525;0.04787;29012;3;5;2
225;19778;1160;0.05179;29161;3;6;0
226;22475;686;0.06167;29161;3;6;1
227;17133;474;0.04204;29161;3;6;2
228;21842;775;0.04399;23588;3;7;0
229;25497;453;0.05151;23588;3;7;1
230;18304;322;0.0365;23588;3;7;2
231;20203;1592;0.05509;39472;3;8;0
232;23577;960;0.0669;39472;3;8;1
233;16877;632;0.04343;39472;3;8;2
234;17074;10012;0.08807;163695;3;9;0
235;18812;6059;0.10667;163695;3;9;1
236;15034;3953;0.06951;163695;3;9;2
237;17367;4692;0.08146;82429;3;10;0
238;19343;2697;0.09447;82429;3;10;1
239;15075;1996;0.06871;82429;3;10;2
240;17357;5012;0.08656;83372;3;11;0
241;19145;2994;0.10442;83372;3;11;1
242;15331;2019;0.06908;83372;3;11;2
243;25382;1466;0.04503;51316;3;12;0
244;31628;815;0.05361;51316;3;12;1
245;19132;652;0.03756;51316;3;12;2
246;20234;3719;0.06561;81785;3;13;0
247;23196;2196;0.07997;81785;3;13;1
248;17118;1522;0.05208;81785;3;13;2
249;15376;4579;0.09071;69467;3;14;0
250;16622;2857;0.11069;69467;3;14;1
251;13891;1721;0.06977;69467;3;14;2
252;17030;5581;0.08509;91997;3;15;0
253;18523;3513;0.10656;91997;3;15;1
254;15302;2068;0.06338;91997;3;15;2
255;18260;2894;0.07866;51316;3;16;0
256;20538;1816;0.09827;51316;3;16;1
257;15729;1077;0.05881;51316;3;16;2
258;21630;1939;0.06035;46921;3;17;0
259;25617;1125;0.07322;46921;3;17;1
260;17546;814;0.04856;46921;3;17;2
261;23232;2394;0.055;66900;3;18;0
262;28546;1335;0.06553;66900;3;18;1
263;17810;1060;0.04578;66900;3;18;2
264;16023;4757;0.08354;80758;3;19;0
265;17369;2963;0.10242;80758;3;19;1
266;14403;1794;0.06404;80758;3;19;2
267;18547;6600;0.07125;134904;3;20;0
268;21146;3848;0.08529;134904;3;20;1
269;15691;2752;0.05792;134904;3;20;2
270;19804;6000;0.05925;144820;3;21;0
271;22962;3354;0.06879;144820;3;21;1
272;16389;2646;0.0504;144820;3;21;2
273;21544;3259;0.05396;87716;3;22;0
274;25498;1827;0.06361;87716;3;22;1
275;17380;1431;0.04518;87716;3;22;2
276;29234;362;0.0302;17285;4;0;0
277;36957;201;0.03359;17285;4;0;1
278;21160;160;0.0268;17285;4;0;2
279;17458;4734;0.07273;92170;4;1;0
280;19051;2913;0.08757;92170;4;1;1
281;15597;1820;0.05722;92170;4;1;2
282;20210;4056;0.06816;84208;4;2;0
283;23088;2414;0.08216;84208;4;2;1
284;17189;1642;0.05449;84208;4;2;2
285;22350;967;0.04531;30126;4;3;0
286;25922;578;0.05519;30126;4;3;1
287;18674;389;0.03579;30126;4;3;2
288;17295;2722;0.07126;52534;4;4;0
289;18976;1654;0.08546;52534;4;4;1
290;15437;1068;0.05668;52534;4;4;2
291;20273;1384;0.06268;29369;4;5;0
292;22768;923;0.08353;29369;4;5;1
293;17686;461;0.04178;29369;4;5;2
294;20885;1079;0.04791;30416;4;6;0
295;24120;648;0.05843;30416;4;6;1
296;17737;431;0.03772;30416;4;6;2
297;22329;724;0.04095;23597;4;7;0
298;26086;440;0.04972;23597;4;7;1
299;18679;284;0.03216;23597;4;7;2
300;20748;1400;0.04862;39264;4;8;0
301;24163;833;0.05814;39264;4;8;1
302;17393;567;0.03919;39264;4;8;2
303;17257;9556;0.08293;167238;4;9;0
304;18984;5792;0.10051;167238;4;9;1
305;15220;3763;0.06535;167238;4;9;2
306;17646;4390;0.07662;82722;4;10;0
307;19658;2545;0.08955;82722;4;10;1
308;15313;1845;0.06391;82722;4;10;2
309;17446;4781;0.08235;84240;4;11;0
310;19188;2901;0.10098;84240;4;11;1
311;15485;1881;0.06411;84240;4;11;2
312;26230;1401;0.04333;51356;4;12;0
313;32744;785;0.05199;51356;4;12;1
314;19809;615;0.03573;51356;4;12;2
315;20510;3732;0.0656;82829;4;13;0
316;23360;2219;0.0805;82829;4;13;1
317;17514;1513;0.05159;82829;4;13;2
318;15527;4528;0.08935;70235;4;14;0
319;16713;2822;0.1089;70235;4;14;1
320;14125;1706;0.0689;70235;4;14;2
321;17170;5530;0.08373;93817;4;15;0
322;18734;3488;0.10502;93817;4;15;1
323;15374;2042;0.06219;93817;4;15;2
324;18411;2868;0.07715;52480;4;16;0
325;20699;1799;0.09674;52480;4;16;1
326;15872;1069;0.05754;52480;4;16;2
327;22139;1875;0.05813;47291;4;17;0
328;26614;1104;0.07173;47291;4;17;1
329;17706;771;0.04572;47291;4;17;2
330;23716;2122;0.04858;67389;4;18;0
331;29184;1211;0.05903;67389;4;18;1
332;18192;911;0.03932;67389;4;18;2
333;16339;4589;0.08066;81288;4;19;0
334;17723;2887;0.1003;81288;4;19;1
335;14676;1703;0.06056;81288;4;19;2
336;18815;6564;0.07052;136625;4;20;0
337;21377;3897;0.08596;136625;4;20;1
338;16021;2666;0.05586;136625;4;20;2
339;20296;5572;0.05467;146892;4;21;0
340;23591;3110;0.06338;146892;4;21;1
341;16746;2462;0.04658;146892;4;21;2
342;21734;3154;0.05185;89078;4;22;0
343;25798;1759;0.06099;89078;4;22;1
344;17495;1395;0.04362;89078;4;22;2
345;31095;346;0.02955;17147;5;0;0
346;40019;187;0.03187;17147;5;0;1
347;21791;159;0.02721;17147;5;0;2
348;18008;4300;0.06602;93313;5;1;0
349;19917;2664;0.08;93313;5;1;1
350;15832;1636;0.05139;93313;5;1;2
351;20908;3761;0.06389;83919;5;2;0
352;23979;2225;0.07706;83919;5;2;1
353;17742;1536;0.05121;83919;5;2;2
354;23221;933;0.04392;30189;5;3;0
355;27092;533;0.05146;30189;5;3;1
356;19340;400;0.03673;30189;5;3;2
357;17682;2572;0.06731;52286;5;4;0
358;19416;1572;0.08151;52286;5;4;1
359;15796;999;0.05283;52286;5;4;2
360;21037;1309;0.05925;29463;5;5;0
361;23751;851;0.07719;29463;5;5;1
362;18211;458;0.0414;29463;5;5;2
363;21191;1010;0.04489;29955;5;6;0
364;24355;582;0.05309;29955;5;6;1
365;18205;428;0.0371;29955;5;6;2
366;22698;708;0.04015;23613;5;7;0
367;26717;434;0.04914;23613;5;7;1
368;18842;274;0.03113;23613;5;7;2
369;21359;1203;0.04164;39160;5;8;0
370;25027;734;0.05138;39160;5;8;1
371;17786;469;0.03211;39160;5;8;2
372;17454;8842;0.07613;169413;5;9;0
373;19251;5356;0.09231;169413;5;9;1
374;15370;3486;0.05998;169413;5;9;2
375;17984;4234;0.0726;82903;5;10;0
376;20050;2468;0.08514;82903;5;10;1
377;15597;1767;0.06022;82903;5;10;2
378;17926;4633;0.07928;85011;5;11;0
379;19705;2788;0.09618;85011;5;11;1
380;15933;1846;0.06265;85011;5;11;2
381;26946;1291;0.04043;51304;5;12;0
382;33693;725;0.04873;51304;5;12;1
383;20356;566;0.03318;51304;5;12;2
384;20966;3520;0.06163;83246;5;13;0
385;24002;2096;0.07544;83246;5;13;1
386;17806;1424;0.04856;83246;5;13;2
387;15800;4204;0.08292;70228;5;14;0
388;16995;2620;0.10117;70228;5;14;1
389;14413;1584;0.06387;70228;5;14;2
390;17612;5051;0.07645;93877;5;15;0
391;19144;3215;0.097;93877;5;15;1
392;15903;1836;0.05576;93877;5;15;2
393;18879;2610;0.07059;52626;5;16;0
394;21219;1651;0.0895;52626;5;16;1
395;16345;958;0.05175;52626;5;16;2
396;23280;1708;0.053;47333;5;17;0
397;28603;1004;0.06538;47333;5;17;1
398;18107;704;0.04172;47333;5;17;2
399;24683;1859;0.04278;67832;5;18;0
400;30390;1075;0.05263;67832;5;18;1
401;18941;784;0.03404;67832;5;18;2
402;16650;4125;0.07241;81719;5;19;0
403;17982;2577;0.08965;81719;5;19;1
404;15086;1548;0.05486;81719;5;19;2
405;19212;6129;0.06549;137335;5;20;0
406;21753;3631;0.07964;137335;5;20;1
407;16473;2498;0.05204;137335;5;20;2
408;20599;4910;0.04775;149083;5;21;0
409;23915;2722;0.05503;149083;5;21;1
410;17092;2188;0.041;149083;5;21;2
411;22379;3007;0.04941;90291;5;22;0
412;26600;1670;0.05788;90291;5;22;1
413;18046;1337;0.04178;90291;5;22;2
414;31213;302;0.02648;16976;6;0;0
415;38870;164;0.02875;16976;6;0;1
416;23253;138;0.0242;16976;6;0;2
417;18481;3934;0.06035;93463;6;1;0
418;20406;2435;0.07293;93463;6;1;1
419;16286;1499;0.04715;93463;6;1;2
420;21410;3435;0.05878;83050;6;2;0
421;24565;2007;0.07018;83050;6;2;1
422;18171;1428;0.04785;83050;6;2;2
423;23552;877;0.04098;30262;6;3;0
424;27510;498;0.04773;30262;6;3;1
425;19557;379;0.03456;30262;6;3;2
426;18203;2392;0.06234;52434;6;4;0
427;19792;1460;0.07556;52434;6;4;1
428;16462;932;0.04893;52434;6;4;2
429;21462;1246;0.05676;29430;6;5;0
430;24269;800;0.07323;29430;6;5;1
431;18572;446;0.04045;29430;6;5;2
432;21804;911;0.04043;30054;6;6;0
433;25086;500;0.04583;30054;6;6;1
434;18703;411;0.03535;30054;6;6;2
435;22995;624;0.03538;23703;6;7;0
436;27092;370;0.04189;23703;6;7;1
437;19155;254;0.02885;23703;6;7;2
438;21702;1097;0.0379;39466;6;8;0
439;25390;653;0.0459;39466;6;8;1
440;18147;443;0.03015;39466;6;8;2
441;17891;8018;0.06852;171113;6;9;0
442;19717;4840;0.08291;171113;6;9;1
443;15777;3178;0.0542;171113;6;9;2
444;18387;4005;0.06652;85834;6;10;0
445;20534;2316;0.07744;85834;6;10;1
446;15932;1689;0.05574;85834;6;10;2
447;18312;4337;0.07308;85736;6;11;0
448;20190;2582;0.08763;85736;6;11;1
449;16209;1755;0.05873;85736;6;11;2
450;27141;1236;0.0391;51127;6;12;0
451;33790;681;0.04622;51127;6;12;1
452;20709;555;0.03288;51127;6;12;2
453;21424;3323;0.05813;83751;6;13;0
454;24470;1961;0.07037;83751;6;13;1
455;18306;1362;0.04649;83751;6;13;2
456;16157;3913;0.07693;70291;6;14;0
457;17383;2410;0.09313;70291;6;14;1
458;14754;1503;0.06016;70291;6;14;2
459;18027;4608;0.06967;94193;6;15;0
460;19657;2891;0.08733;94193;6;15;1
461;16213;1717;0.05198;94193;6;15;2
462;19463;2334;0.06347;52414;6;16;0
463;21954;1462;0.07976;52414;6;16;1
464;16748;872;0.04728;52414;6;16;2
465;23592;1594;0.04942;47478;6;17;0
466;28593;929;0.06046;47478;6;17;1
467;18763;666;0.03939;47478;6;17;2
468;25329;1690;0.03907;67961;6;18;0
469;31232;978;0.0481;67961;6;18;1
470;19349;712;0.03106;67961;6;18;2
471;17035;3777;0.06623;81648;6;19;0
472;18418;2367;0.08241;81648;6;19;1
473;15427;1410;0.04981;81648;6;19;2
474;19578;5568;0.05922;138678;6;20;0
475;22173;3297;0.07203;138678;6;20;1
476;16789;2271;0.04707;138678;6;20;2
477;21222;4422;0.04251;150967;6;21;0
478;24632;2424;0.04837;150967;6;21;1
479;17636;1998;0.03705;150967;6;21;2
480;22899;2846;0.04676;91192;6;22;0
481;27182;1577;0.05475;91192;6;22;1
482;18542;1269;0.03958;91192;6;22;2
483;32264;332;0.03001;16623;7;0;0
484;40505;179;0.03255;16623;7;0;1
485;23665;153;0.0275;16623;7;0;2
486;19023;4432;0.06734;93822;7;1;0
487;20700;2805;0.08323;93822;7;1;1
488;17125;1627;0.05067;93822;7;1;2
489;22075;3748;0.06437;82979;7;2;0
490;25329;2237;0.07863;82979;7;2;1
491;18795;1511;0.05075;82979;7;2;2
492;24303;963;0.04498;30348;7;3;0
493;28139;553;0.05298;30348;7;3;1
494;20444;410;0.03738;30348;7;3;2
495;18810;2556;0.06666;52288;7;4;0
496;20443;1607;0.08337;52288;7;4;1
497;17027;949;0.04977;52288;7;4;2
498;21954;1306;0.05997;29197;7;5;0
499;24614;843;0.07788;29197;7;5;1
500;19203;463;0.04228;29197;7;5;2
501;22700;1029;0.04575;29878;7;6;0
502;25665;575;0.05278;29878;7;6;1
503;19874;454;0.03915;29878;7;6;2
504;23676;677;0.03849;23639;7;7;0
505;27475;412;0.04674;23639;7;7;1
506;20037;265;0.0302;23639;7;7;2
507;22448;1157;0.04006;39167;7;8;0
508;25874;724;0.051;39167;7;8;1
509;19150;433;0.02947;39167;7;8;2
510;18342;8918;0.07566;173227;7;9;0
511;20036;5506;0.09372;173227;7;9;1
512;16398;3412;0.05771;173227;7;9;2
513;18877;4501;0.07332;87966;7;10;0
514;20837;2646;0.08694;87966;7;10;1
515;16631;1855;0.05994;87966;7;10;2
516;18857;4753;0.0794;86950;7;11;0
517;20607;2891;0.09733;86950;7;11;1
518;16917;1861;0.06173;86950;7;11;2
519;27988;1363;0.04338;50981;7;12;0
520;34561;775;0.0527;50981;7;12;1
521;21612;588;0.03518;50981;7;12;2
522;22079;3606;0.06328;83980;7;13;0
523;25113;2170;0.07824;83980;7;13;1
524;19000;1435;0.04909;83980;7;13;2
525;16680;4197;0.08214;70600;7;14;0
526;17880;2620;0.10103;70600;7;14;1
527;15327;1577;0.06266;70600;7;14;2
528;18615;4959;0.07456;94526;7;15;0
529;20112;3174;0.09555;94526;7;15;1
530;16947;1785;0.05361;94526;7;15;2
531;20297;2563;0.06977;52253;7;16;0
532;23015;1654;0.09048;52253;7;16;1
533;17410;909;0.04925;52253;7;16;2
534;23927;1698;0.05263;47619;7;17;0
535;28553;1014;0.06594;47619;7;17;1
536;19457;684;0.0405;47619;7;17;2
537;25828;1837;0.04293;67837;7;18;0
538;31525;1100;0.05434;67837;7;18;1
539;20106;737;0.03268;67837;7;18;2
540;17652;4215;0.0738;81986;7;19;0
541;19014;2629;0.09156;81986;7;19;1
542;16089;1586;0.05586;81986;7;19;2
543;20266;6022;0.06395;139498;7;20;0
544;22749;3652;0.0797;139498;7;20;1
545;17605;2370;0.04903;139498;7;20;2
546;21782;4999;0.04754;153148;7;21;0
547;25094;2856;0.05634;153148;7;21;1
548;18310;2143;0.03935;153148;7;21;2
549;23408;3223;0.05324;91623;7;22;0
550;27464;1808;0.06299;91623;7;22;1
551;19273;1415;0.04445;91623;7;22;2
552;33419;348;0.0321;16525;8;0;0
553;42167;188;0.03497;16525;8;0;1
554;24310;160;0.02928;16525;8;0;2
555;18998;4562;0.06887;94735;8;1;0
556;20655;2853;0.08462;94735;8;1;1
557;17136;1708;0.05254;94735;8;1;2
558;22166;3785;0.0646;83061;8;2;0
559;25291;2237;0.07823;83061;8;2;1
560;19009;1548;0.0516;83061;8;2;2
561;24069;995;0.04629;30331;8;3;0
562;28164;579;0.05534;30331;8;3;1
563;20038;416;0.03771;30331;8;3;2
564;18659;2579;0.06686;52354;8;4;0
565;20231;1580;0.08137;52354;8;4;1
566;16954;999;0.05216;52354;8;4;2
567;22083;1317;0.06041;29323;8;5;0
568;24979;843;0.07775;29323;8;5;1
569;19145;474;0.04326;29323;8;5;2
570;22694;1054;0.04671;30069;8;6;0
571;25755;572;0.05223;30069;8;6;1
572;19758;482;0.0415;30069;8;6;2
573;23247;686;0.03979;23435;8;7;0
574;26591;397;0.04626;23435;8;7;1
575;20061;288;0.03337;23435;8;7;2
576;22324;1184;0.04087;39344;8;8;0
577;25517;705;0.04946;39344;8;8;1
578;19225;480;0.03256;39344;8;8;2
579;18186;9204;0.07749;174749;8;9;0
580;19828;5606;0.09467;174749;8;9;1
581;16298;3599;0.06042;174749;8;9;2
582;18780;4594;0.07401;89461;8;10;0
583;20685;2638;0.08588;89461;8;10;1
584;16630;1956;0.06238;89461;8;10;2
585;18695;4857;0.08066;87462;8;11;0
586;20333;2876;0.09632;87462;8;11;1
587;16884;1981;0.06526;87462;8;11;2
588;27656;1360;0.04352;51015;8;12;0
589;33933;759;0.05164;51015;8;12;1
590;21695;601;0.0363;51015;8;12;2
591;21692;3570;0.06258;84090;8;13;0
592;24483;2115;0.07617;84090;8;13;1
593;18889;1455;0.0497;84090;8;13;2
594;16571;4157;0.08067;70830;8;14;0
595;17676;2568;0.09815;70830;8;14;1
596;15323;1589;0.06264;70830;8;14;2
597;18550;4778;0.07178;94816;8;15;0
598;19979;3008;0.0904;94816;8;15;1
599;16979;1770;0.05317;94816;8;15;2
600;19845;2444;0.0668;52328;8;16;0
601;22272;1536;0.08462;52328;8;16;1
602;17272;908;0.04925;52328;8;16;2
603;24232;1639;0.05095;47693;8;17;0
604;29104;960;0.06285;47693;8;17;1
605;19574;679;0.04019;47693;8;17;2
606;25539;1940;0.04531;67865;8;18;0
607;31191;1129;0.05551;67865;8;18;1
608;19902;812;0.03609;67865;8;18;2
609;17455;4329;0.07542;82083;8;19;0
610;18722;2648;0.09174;82083;8;19;1
611;15993;1681;0.0589;82083;8;19;2
612;20218;6370;0.06706;140647;8;20;0
613;22707;3763;0.08139;140647;8;20;1
614;17613;2608;0.05348;140647;8;20;2
615;21934;5112;0.04789;155527;8;21;0
616;25203;2833;0.05505;155527;8;21;1
617;18591;2279;0.04122;155527;8;21;2
618;23242;3317;0.05458;92252;8;22;0
619;27229;1843;0.06391;92252;8;22;1
620;19273;1474;0.04615;92252;8;22;2
621;34333;317;0.02947;16385;9;0;0
622;42585;173;0.03247;16385;9;0;1
623;25605;144;0.02654;16385;9;0;2
624;18838;5013;0.07521;95302;9;1;0
625;20437;3124;0.09217;95302;9;1;1
626;17047;1889;0.05767;95302;9;1;2
627;22054;3900;0.06597;83955;9;2;0
628;25152;2245;0.07781;83955;9;2;1
629;18898;1656;0.05468;83955;9;2;2
630;23672;1086;0.05014;30541;9;3;0
631;27557;614;0.05821;30541;9;3;1
632;19862;472;0.04249;30541;9;3;2
633;18532;2737;0.07069;52753;9;4;0
634;20023;1650;0.0846;52753;9;4;1
635;16928;1087;0.05658;52753;9;4;2
636;21989;1339;0.06148;29308;9;5;0
637;24772;831;0.07745;29308;9;5;1
638;19168;508;0.04597;29308;9;5;2
639;22659;1045;0.04623;30062;9;6;0
640;25823;553;0.05053;30062;9;6;1
641;19663;493;0.0422;30062;9;6;2
642;23262;711;0.04093;23379;9;7;0
643;26869;406;0.04698;23379;9;7;1
644;19829;305;0.03493;23379;9;7;2
645;22229;1323;0.04579;39315;9;8;0
646;25361;764;0.05405;39315;9;8;1
647;19209;559;0.03788;39315;9;8;2
648;18012;10163;0.08452;176558;9;9;0
649;19581;6013;0.10025;176558;9;9;1
650;16197;4150;0.06886;176558;9;9;2
651;18958;4839;0.07715;90394;9;10;0
652;20881;2709;0.08716;90394;9;10;1
653;16792;2130;0.06732;90394;9;10;2
654;18486;5091;0.08389;88023;9;11;0
655;20069;2974;0.09893;88023;9;11;1
656;16720;2117;0.06912;88023;9;11;2
657;27763;1444;0.04621;50966;9;12;0
658;34204;796;0.05426;50966;9;12;1
659;21671;648;0.03909;50966;9;12;2
660;21670;3819;0.06659;84566;9;13;0
661;24414;2236;0.08032;84566;9;13;1
662;18907;1583;0.05363;84566;9;13;2
663;16416;4489;0.08669;71491;9;14;0
664;17342;2731;0.10371;71491;9;14;1
665;15347;1758;0.06908;71491;9;14;2
666;18251;5164;0.07694;94951;9;15;0
667;19548;3197;0.09523;94951;9;15;1
668;16800;1967;0.05863;94951;9;15;2
669;19510;2608;0.07106;52293;9;16;0
670;21761;1624;0.08956;52293;9;16;1
671;17109;984;0.05301;52293;9;16;2
672;23771;1698;0.05283;47575;9;17;0
673;28412;987;0.06483;47575;9;17;1
674;19339;711;0.04203;47575;9;17;2
675;25372;2198;0.05104;68079;9;18;0
676;30828;1245;0.06069;68079;9;18;1
677;19915;954;0.04228;68079;9;18;2
678;17334;4732;0.08174;82969;9;19;0
679;18534;2847;0.09762;82969;9;19;1
680;15951;1885;0.06561;82969;9;19;2
681;20325;6575;0.06816;142199;9;20;0
682;22816;3833;0.0816;142199;9;20;1
683;17706;2742;0.05541;142199;9;20;2
684;22026;5383;0.04927;158417;9;21;0
685;25197;2987;0.05669;158417;9;21;1
686;18790;2396;0.04237;158417;9;21;2
687;23303;3478;0.0566;93374;9;22;0
688;27206;1929;0.06605;93374;9;22;1
689;19423;1549;0.04803;93374;9;22;2
690;33111;330;0.03116;16290;10;0;0
691;40707;184;0.03532;16290;10;0;1
692;25496;146;0.02713;16290;10;0;2
693;19315;5358;0.07977;96582;10;1;0
694;21113;3333;0.09826;96582;10;1;1
695;17324;2025;0.0609;96582;10;1;2
696;22551;4102;0.06849;84574;10;2;0
697;25794;2349;0.08065;84574;10;2;1
698;19253;1753;0.05698;84574;10;2;2
699;24524;1084;0.04973;30724;10;3;0
700;28700;619;0.05837;30724;10;3;1
701;20400;466;0.04155;30724;10;3;2
702;18736;2796;0.0722;52581;10;4;0
703;20265;1684;0.08649;52581;10;4;1
704;17102;1112;0.05775;52581;10;4;2
705;22183;1378;0.06253;29388;10;5;0
706;24984;852;0.07848;29388;10;5;1
707;19359;525;0.04703;29388;10;5;2
708;22992;1060;0.04679;30101;10;6;0
709;25964;575;0.05232;30101;10;6;1
710;20199;485;0.04158;30101;10;6;2
711;23362;705;0.04029;23560;10;7;0
712;27110;406;0.04642;23560;10;7;1
713;19791;298;0.03415;23560;10;7;2
714;22719;1318;0.04523;39431;10;8;0
715;26121;777;0.05429;39431;10;8;1
716;19443;541;0.03649;39431;10;8;2
717;18184;10776;0.08794;178358;10;9;0
718;19719;6483;0.10529;178358;10;9;1
719;16389;4293;0.07042;178358;10;9;2
720;19209;5215;0.08256;91223;10;10;0
721;21188;2946;0.094;91223;10;10;1
722;16980;2269;0.0713;91223;10;10;2
723;18729;5232;0.08564;88515;10;11;0
724;20359;3091;0.10223;88515;10;11;1
725;16925;2141;0.06939;88515;10;11;2
726;27927;1627;0.05205;50650;10;12;0
727;33912;917;0.06228;50650;10;12;1
728;22273;710;0.04295;50650;10;12;2
729;22113;3976;0.06905;84973;10;13;0
730;24975;2315;0.08275;84973;10;13;1
731;19207;1661;0.0561;84973;10;13;2
732;16688;4762;0.09017;71651;10;14;0
733;17711;2912;0.10826;71651;10;14;1
734;15507;1849;0.07138;71651;10;14;2
735;18578;5331;0.07844;95704;10;15;0
736;19983;3308;0.09684;95704;10;15;1
737;17009;2023;0.05986;95704;10;15;2
738;19531;2698;0.0729;52647;10;16;0
739;21753;1671;0.0912;52647;10;16;1
740;17177;1027;0.05495;52647;10;16;2
741;24171;1725;0.05324;47632;10;17;0
742;28808;989;0.06464;47632;10;17;1
743;19817;736;0.04304;47632;10;17;2
744;25826;2289;0.05301;68460;10;18;0
745;31546;1314;0.06386;68460;10;18;1
746;20145;975;0.04314;68460;10;18;2
747;17548;5084;0.0875;83351;10;19;0
748;18702;3081;0.10551;83351;10;19;1
749;16220;2003;0.0693;83351;10;19;2
750;20566;6805;0.06972;144263;10;20;0
751;22980;4006;0.08405;144263;10;20;1
752;18030;2799;0.05605;144263;10;20;2
753;22440;5841;0.05229;161957;10;21;0
754;25666;3255;0.06057;161957;10;21;1
755;19164;2586;0.04461;161957;10;21;2
756;23620;3525;0.05735;94469;10;22;0
757;27422;1955;0.06678;94469;10;22;1
758;19839;1570;0.04877;94469;10;22;2
759;32852;311;0.02979;16268;11;0;0
760;40698;183;0.03557;16268;11;0;1
761;25177;128;0.02417;16268;11;0;2
762;19518;5807;0.08499;96866;11;1;0
763;21331;3593;0.10494;96866;11;1;1
764;17527;2214;0.06495;96866;11;1;2
765;22519;4155;0.06866;85508;11;2;0
766;25580;2397;0.08165;85508;11;2;1
767;19432;1758;0.05642;85508;11;2;2
768;24208;1138;0.05173;30989;11;3;0
769;28353;647;0.06066;30989;11;3;1
770;20151;491;0.04332;30989;11;3;2
771;18801;3039;0.07732;53071;11;4;0
772;20297;1825;0.09201;53071;11;4;1
773;17186;1213;0.06234;53071;11;4;2
774;22133;1511;0.06656;30117;11;5;0
775;25035;927;0.08238;30117;11;5;1
776;19241;585;0.05104;30117;11;5;2
777;23093;1131;0.04912;30309;11;6;0
778;26115;612;0.05463;30309;11;6;1
779;20245;519;0.04389;30309;11;6;2
780;23336;796;0.04452;23930;11;7;0
781;26839;462;0.05145;23930;11;7;1
782;19986;334;0.03752;23930;11;7;2
783;22492;1466;0.04954;39968;11;8;0
784;25629;859;0.05914;39968;11;8;1
785;19491;607;0.04028;39968;11;8;2
786;18239;11628;0.09271;182595;11;9;0
787;19694;7079;0.1115;182595;11;9;1
788;16534;4549;0.07346;182595;11;9;2
789;19369;5790;0.09119;92274;11;10;0
790;21378;3273;0.10369;92274;11;10;1
791;17123;2517;0.07883;92274;11;10;2
792;18743;5617;0.0905;89616;11;11;0
793;20306;3356;0.10918;89616;11;11;1
794;17009;2261;0.07217;89616;11;11;2
795;27581;1695;0.05388;50831;11;12;0
796;33355;965;0.06482;50831;11;12;1
797;22140;730;0.04405;50831;11;12;2
798;22233;4265;0.0729;86248;11;13;0
799;24936;2476;0.08704;86248;11;13;1
800;19501;1789;0.05952;86248;11;13;2
801;16766;5034;0.0929;73527;11;14;0
802;17716;3078;0.11129;73527;11;14;1
803;15666;1956;0.07372;73527;11;14;2
804;18701;5893;0.08495;97565;11;15;0
805;20019;3661;0.10498;97565;11;15;1
806;17247;2232;0.0647;97565;11;15;2
807;19665;2967;0.0783;53489;11;16;0
808;21830;1834;0.09714;53489;11;16;1
809;17348;1133;0.05958;53489;11;16;2
810;24150;1844;0.05643;48162;11;17;0
811;28654;1066;0.06929;48162;11;17;1
812;19960;778;0.04499;48162;11;17;2
813;25588;2485;0.05719;68892;11;18;0
814;30929;1430;0.06911;68892;11;18;1
815;20328;1055;0.04635;68892;11;18;2
816;17657;5446;0.09289;83977;11;19;0
817;18805;3311;0.11252;83977;11;19;1
818;16342;2134;0.07311;83977;11;19;2
819;20869;7843;0.07933;146516;11;20;0
820;23169;4610;0.09536;146516;11;20;1
821;18412;3233;0.064;146516;11;20;2
822;22515;6637;0.0584;165265;11;21;0
823;25688;3681;0.06736;165265;11;21;1
824;19290;2956;0.05009;165265;11;21;2
825;23940;3733;0.06053;95263;11;22;0
826;27688;2107;0.07151;95263;11;22;1
827;20171;1626;0.05049;95263;11;22;2
828;32493;343;0.03299;16131;12;0;0
829;40078;193;0.03781;16131;12;0;1
830;24797;150;0.02834;16131;12;0;2
831;19887;6871;0.09721;99597;12;1;0
832;21746;4267;0.1203;99597;12;1;1
833;17848;2604;0.07394;99597;12;1;2
834;23026;4658;0.07563;86454;12;2;0
835;26073;2698;0.09003;86454;12;2;1
836;19937;1960;0.06198;86454;12;2;2
837;24199;1254;0.05619;31452;12;3;0
838;28316;698;0.06432;31452;12;3;1
839;20148;556;0.04849;31452;12;3;2
840;18952;3502;0.08798;53610;12;4;0
841;20340;2108;0.10479;53610;12;4;1
842;17454;1394;0.07081;53610;12;4;2
843;22505;1781;0.07752;30613;12;5;0
844;25257;1113;0.09775;30613;12;5;1
845;19731;668;0.05764;30613;12;5;2
846;23505;1327;0.0567;30792;12;6;0
847;26313;738;0.06468;30792;12;6;1
848;20777;589;0.04911;30792;12;6;2
849;23590;963;0.05301;24279;12;7;0
850;26973;587;0.06408;24279;12;7;1
851;20323;376;0.04175;24279;12;7;2
852;22703;1664;0.05567;40528;12;8;0
853;25721;988;0.06738;40528;12;8;1
854;19812;676;0.0444;40528;12;8;2
855;18340;13498;0.10615;186450;12;9;0
856;19765;8056;0.12539;186450;12;9;1
857;16657;5442;0.08651;186450;12;9;2
858;19489;6451;0.1001;93440;12;10;0
859;21418;3683;0.11468;93440;12;10;1
860;17327;2768;0.08562;93440;12;10;2
861;18983;6512;0.10318;90874;12;11;0
862;20542;3879;0.12367;90874;12;11;1
863;17233;2633;0.08295;90874;12;11;2
864;27604;1953;0.06109;51275;12;12;0
865;33517;1105;0.07303;51275;12;12;1
866;22037;848;0.05035;51275;12;12;2
867;22388;4918;0.0826;87597;12;13;0
868;24970;2822;0.09722;87597;12;13;1
869;19744;2096;0.0687;87597;12;13;2
870;16799;5783;0.10414;74791;12;14;0
871;17725;3545;0.12465;74791;12;14;1
872;15722;2238;0.0826;74791;12;14;2
873;18733;6739;0.09525;99094;12;15;0
874;20073;4206;0.11795;99094;12;15;1
875;17253;2533;0.07219;99094;12;15;2
876;19642;3375;0.08724;54422;12;16;0
877;21616;2074;0.10702;54422;12;16;1
878;17517;1301;0.06739;54422;12;16;2
879;24164;2079;0.0629;48365;12;17;0
880;28397;1207;0.07739;48365;12;17;1
881;20197;872;0.04995;48365;12;17;2
882;25803;2917;0.06676;69242;12;18;0
883;31082;1694;0.08113;69242;12;18;1
884;20564;1223;0.0536;69242;12;18;2
885;17861;6483;0.10963;84305;12;19;0
886;19012;3907;0.13129;84305;12;19;1
887;16531;2576;0.0877;84305;12;19;2
888;21104;9326;0.09297;148947;12;20;0
889;23448;5457;0.11102;148947;12;20;1
890;18626;3869;0.07563;148947;12;20;2
891;22830;7843;0.06782;168394;12;21;0
892;26022;4326;0.07788;168394;12;21;1
893;19593;3517;0.05852;168394;12;21;2
894;24061;4168;0.0674;96094;12;22;0
895;27771;2345;0.07909;96094;12;22;1
896;20302;1823;0.05664;96094;12;22;2
897;31526;371;0.0354;16339;13;0;0
898;39276;215;0.04173;16339;13;0;1
899;23834;156;0.02929;16339;13;0;2
900;20289;7358;0.1026;101702;13;1;0
901;22057;4447;0.12328;101702;13;1;1
902;18340;2911;0.08167;101702;13;1;2
903;23269;5153;0.08233;88125;13;2;0
904;26160;3046;0.09926;88125;13;2;1
905;20329;2108;0.06606;88125;13;2;2
906;24022;2106;0.09209;31691;13;3;0
907;27449;1371;0.1218;31691;13;3;1
908;20537;735;0.0633;31691;13;3;2
909;19039;4192;0.10386;54246;13;4;0
910;20320;2527;0.1237;54246;13;4;1
911;17643;1665;0.08354;54246;13;4;2
912;22356;2113;0.09057;31000;13;5;0
913;25186;1331;0.11482;31000;13;5;1
914;19534;782;0.06661;31000;13;5;2
915;23538;1569;0.06571;31291;13;6;0
916;26502;896;0.07668;31291;13;6;1
917;20689;673;0.0552;31291;13;6;2
918;23929;1117;0.06071;24518;13;7;0
919;27178;702;0.07492;24518;13;7;1
920;20754;416;0.04599;24518;13;7;2
921;22941;1939;0.06385;40882;13;8;0
922;26176;1160;0.0777;40882;13;8;1
923;19858;779;0.05046;40882;13;8;2
924;18289;16840;0.12916;189713;13;9;0
925;19578;10120;0.15276;189713;13;9;1
926;16752;6720;0.10478;189713;13;9;2
927;19627;7782;0.11804;95198;13;10;0
928;21456;4510;0.13704;95198;13;10;1
929;17560;3272;0.0991;95198;13;10;2
930;18873;7711;0.11995;92229;13;11;0
931;20227;4627;0.14416;92229;13;11;1
932;17338;3084;0.09581;92229;13;11;2
933;28199;2300;0.07061;52115;13;12;0
934;34095;1307;0.08447;52115;13;12;1
935;22612;992;0.05806;52115;13;12;2
936;22534;5661;0.09364;89303;13;13;0
937;25127;3321;0.11215;89303;13;13;1
938;19852;2340;0.07586;89303;13;13;2
939;16823;7167;0.12663;76320;13;14;0
940;17703;4474;0.15385;76320;13;14;1
941;15795;2693;0.09786;76320;13;14;2
942;18887;8084;0.11269;100738;13;15;0
943;20151;5052;0.13947;100738;13;15;1
944;17493;3032;0.08537;100738;13;15;2
945;20026;4071;0.1034;55628;13;16;0
946;22051;2549;0.129;55628;13;16;1
947;17836;1522;0.07761;55628;13;16;2
948;24347;2471;0.07335;49178;13;17;0
949;28392;1434;0.08974;49178;13;17;1
950;20539;1037;0.05857;49178;13;17;2
951;25675;3491;0.07855;69999;13;18;0
952;30760;2017;0.09451;69999;13;18;1
953;20703;1474;0.06381;69999;13;18;2
954;17912;7741;0.12943;85525;13;19;0
955;18936;4729;0.15636;85525;13;19;1
956;16725;3012;0.10188;85525;13;19;2
957;21317;11093;0.10784;151844;13;20;0
958;23604;6497;0.12871;151844;13;20;1
959;18878;4597;0.08774;151844;13;20;2
960;22973;9475;0.0787;172978;13;21;0
961;26104;5160;0.0891;172978;13;21;1
962;19790;4316;0.06907;172978;13;21;2
963;24265;4880;0.07829;96775;13;22;0
964;27829;2751;0.09184;96775;13;22;1
965;20657;2129;0.06575;96775;13;22;2
966;34748;381;0.03606;16411;14;0;0
967;44494;217;0.04177;16411;14;0;1
968;25284;164;0.03054;16411;14;0;2
969;21177;7295;0.09941;103225;14;1;0
970;23053;4309;0.11627;103225;14;1;1
971;19093;2986;0.08221;103225;14;1;2
972;24267;5326;0.08339;89806;14;2;0
973;27273;3135;0.0992;89806;14;2;1
974;21230;2191;0.0679;89806;14;2;2
975;24719;2265;0.0965;32751;14;3;0
976;28089;1499;0.12859;32751;14;3;1
977;21249;766;0.06484;32751;14;3;2
978;19794;4292;0.10502;54938;14;4;0
979;21035;2547;0.1229;54938;14;4;1
980;18422;1745;0.08662;54938;14;4;2
981;23150;2107;0.0891;31620;14;5;0
982;25928;1298;0.1102;31620;14;5;1
983;20390;809;0.06816;31620;14;5;2
984;24327;1563;0.06433;32020;14;6;0
985;27280;880;0.0734;32020;14;6;1
986;21484;683;0.05549;32020;14;6;2
987;24523;1139;0.06033;25054;14;7;0
988;27806;720;0.07438;25054;14;7;1
989;21315;419;0.04554;25054;14;7;2
990;23720;1990;0.06391;43095;14;8;0
991;26709;1170;0.07637;43095;14;8;1
992;20819;820;0.05185;43095;14;8;2
993;19047;17968;0.13426;194746;14;9;0
994;20383;10760;0.15713;194746;14;9;1
995;17442;7208;0.1103;194746;14;9;2
996;20374;8064;0.11959;97342;14;10;0
997;22312;4561;0.13554;97342;14;10;1
998;18174;3503;0.10371;97342;14;10;2
999;19779;8157;0.12373;94170;14;11;0
1000;21158;4863;0.14658;94170;14;11;1
1001;18197;3294;0.10059;94170;14;11;2
1002;29402;2369;0.07022;53813;14;12;0
1003;35210;1327;0.08088;53813;14;12;1
1004;23846;1042;0.06012;53813;14;12;2
1005;23520;5758;0.093;91596;14;13;0
1006;26185;3329;0.10887;91596;14;13;1
1007;20744;2429;0.07751;91596;14;13;2
1008;17528;7222;0.12491;78349;14;14;0
1009;18326;4518;0.15084;78349;14;14;1
1010;16565;2704;0.09703;78349;14;14;2
1011;19702;8059;0.11001;102605;14;15;0
1012;20909;4960;0.13376;102605;14;15;1
1013;18357;3099;0.08567;102605;14;15;2
1014;20935;4033;0.10088;56329;14;16;0
1015;22878;2479;0.12316;56329;14;16;1
1016;18823;1554;0.07829;56329;14;16;2
1017;25137;2492;0.07229;50283;14;17;0
1018;28781;1433;0.08749;50283;14;17;1
1019;21703;1059;0.05853;50283;14;17;2
1020;26607;3507;0.077;71609;14;18;0
1021;31756;1998;0.09098;71609;14;18;1
1022;21515;1509;0.06399;71609;14;18;2
1023;18515;7831;0.12916;85815;14;19;0
1024;19534;4739;0.15384;85815;14;19;1
1025;17318;3092;0.10367;85815;14;19;2
1026;22330;11365;0.10763;155986;14;20;0
1027;24649;6574;0.12645;155986;14;20;1
1028;19853;4791;0.08938;155986;14;20;2
1029;24213;9929;0.08006;180272;14;21;0
1030;27406;5272;0.08826;180272;14;21;1
1031;20960;4657;0.07244;180272;14;21;2
1032;25257;5262;0.08235;98391;14;22;0
1033;28796;2933;0.09506;98391;14;22;1
1034;21612;2329;0.07048;98391;14;22;2
1035;34482;445;0.04215;16465;15;0;0
1036;43291;251;0.04847;16465;15;0;1
1037;25836;193;0.03605;16465;15;0;2
1038;21527;8973;0.12113;105003;15;1;0
1039;23329;5258;0.14017;105003;15;1;1
1040;19507;3715;0.1016;105003;15;1;2
1041;24525;6364;0.09905;90183;15;2;0
1042;27449;3713;0.11673;90183;15;2;1
1043;21536;2651;0.08171;90183;15;2;2
1044;25325;2580;0.10893;33035;15;3;0
1045;28646;1685;0.14277;33035;15;3;1
1046;21863;894;0.07531;33035;15;3;2
1047;20056;5029;0.1222;55356;15;4;0
1048;21191;2953;0.14124;55356;15;4;1
1049;18788;2076;0.10254;55356;15;4;2
1050;23570;2452;0.10247;31865;15;5;0
1051;26170;1486;0.12422;31865;15;5;1
1052;20951;966;0.08072;31865;15;5;2
1053;24654;1838;0.07567;32197;15;6;0
1054;27563;1037;0.08657;32197;15;6;1
1055;21812;800;0.06506;32197;15;6;2
1056;24464;1293;0.06775;25528;15;7;0
1057;27658;796;0.081;25528;15;7;1
1058;21325;497;0.05368;25528;15;7;2
1059;24091;2406;0.0763;42709;15;8;0
1060;26974;1407;0.09055;42709;15;8;1
1061;21263;1000;0.06246;42709;15;8;2
1062;19122;21643;0.15892;198083;15;9;0
1063;20464;12793;0.18272;198083;15;9;1
1064;17481;8850;0.13375;198083;15;9;2
1065;20568;9989;0.14463;100137;15;10;0
1066;22493;5423;0.15739;100137;15;10;1
1067;18365;4565;0.13192;100137;15;10;2
1068;20083;9854;0.14643;95955;15;11;0
1069;21449;5758;0.16945;95955;15;11;1
1070;18502;4096;0.12295;95955;15;11;2
1071;29357;2727;0.08049;54171;15;12;0
1072;34920;1516;0.09166;54171;15;12;1
1073;23979;1211;0.06983;54171;15;12;2
1074;23726;6755;0.10827;92337;15;13;0
1075;26262;3904;0.12644;92337;15;13;1
1076;21066;2851;0.09047;92337;15;13;2
1077;17893;8538;0.14713;78999;15;14;0
1078;18729;5237;0.17388;78999;15;14;1
1079;16884;3301;0.11826;78999;15;14;2
1080;19860;9827;0.13316;104323;15;15;0
1081;21056;5962;0.15897;104323;15;15;1
1082;18505;3865;0.10649;104323;15;15;2
1083;21091;4821;0.11955;57180;15;16;0
1084;22962;2893;0.14237;57180;15;16;1
1085;19047;1928;0.09637;57180;15;16;2
1086;25560;3099;0.08807;51128;15;17;0
1087;29294;1742;0.10372;51128;15;17;1
1088;22026;1357;0.07378;51128;15;17;2
1089;26728;4252;0.09205;72107;15;18;0
1090;31641;2410;0.10793;72107;15;18;1
1091;21886;1842;0.07719;72107;15;18;2
1092;18738;9555;0.15626;86868;15;19;0
1093;19742;5645;0.1814;86868;15;19;1
1094;17544;3910;0.1302;86868;15;19;2
1095;22338;13941;0.12934;158712;15;20;0
1096;24588;7800;0.14692;158712;15;20;1
1097;19923;6141;0.11228;158712;15;20;2
1098;24427;12284;0.09727;184188;15;21;0
1099;27641;6350;0.10419;184188;15;21;1
1100;21140;5933;0.09082;184188;15;21;2
1101;25209;6464;0.09861;101053;15;22;0
1102;28658;3502;0.11042;101053;15;22;1
1103;21658;2962;0.08755;101053;15;22;2
1104;33256;406;0.03864;16450;16;0;0
1105;39889;224;0.04318;16450;16;0;1
1106;26266;182;0.03421;16450;16;0;2
1107;22286;8597;0.11599;105574;16;1;0
1108;24349;4944;0.1321;105574;16;1;1
1109;19975;3653;0.09956;105574;16;1;2
1110;24172;6000;0.09277;90712;16;2;0
1111;26577;3441;0.10744;90712;16;2;1
1112;21614;2559;0.07838;90712;16;2;2
1113;25878;2358;0.09941;33319;16;3;0
1114;29397;1527;0.12914;33319;16;3;1
1115;22219;831;0.06985;33319;16;3;2
1116;20479;4681;0.11362;55640;16;4;0
1117;21832;2712;0.12946;55640;16;4;1
1118;18972;1969;0.09723;55640;16;4;2
1119;23971;2291;0.09581;32069;16;5;0
1120;26700;1380;0.11498;32069;16;5;1
1121;21223;911;0.0765;32069;16;5;2
1122;25100;1791;0.07376;32467;16;6;0
1123;27920;1010;0.08444;32467;16;6;1
1124;22355;781;0.06339;32467;16;6;2
1125;25142;1265;0.06686;25662;16;7;0
1126;28198;773;0.07972;25662;16;7;1
1127;22088;493;0.05335;25662;16;7;2
1128;24701;2216;0.07106;42547;16;8;0
1129;27464;1296;0.0847;42547;16;8;1
1130;22029;921;0.05793;42547;16;8;2
1131;19478;20627;0.14883;201882;16;9;0
1132;20761;12004;0.16834;201882;16;9;1
1133;17864;8622;0.12814;201882;16;9;2
1134;21606;9650;0.13879;101420;16;10;0
1135;23712;5167;0.14828;101420;16;10;1
1136;19220;4483;0.12926;101420;16;10;2
1137;20537;9514;0.13997;97624;16;11;0
1138;22004;5426;0.15794;97624;16;11;1
1139;18823;4088;0.12161;97624;16;11;2
1140;29575;2592;0.07688;54265;16;12;0
1141;34726;1441;0.08779;54265;16;12;1
1142;24497;1151;0.06654;54265;16;12;2
1143;23755;6408;0.10238;92752;16;13;0
1144;26011;3684;0.11868;92752;16;13;1
1145;21325;2724;0.08634;92752;16;13;2
1146;18528;8011;0.13953;79029;16;14;0
1147;19391;4853;0.16286;79029;16;14;1
1148;17471;3158;0.11435;79029;16;14;2
1149;21168;9125;0.12394;104627;16;15;0
1150;22486;5463;0.14575;104627;16;15;1
1151;19662;3662;0.10132;104627;16;15;2
1152;22386;4507;0.11168;57546;16;16;0
1153;24568;2655;0.1307;57546;16;16;1
1154;20035;1852;0.0924;57546;16;16;2
1155;26770;2913;0.0822;51647;16;17;0
1156;30714;1600;0.09482;51647;16;17;1
1157;23040;1313;0.07074;51647;16;17;2
1158;28004;4077;0.08789;72650;16;18;0
1159;33340;2282;0.10202;72650;16;18;1
1160;22768;1794;0.07472;72650;16;18;2
1161;18674;8999;0.14764;87239;16;19;0
1162;19619;5260;0.16959;87239;16;19;1
1163;17515;3739;0.1249;87239;16;19;2
1164;23220;13310;0.12123;162779;16;20;0
1165;25578;7380;0.13653;162779;16;20;1
1166;20686;5930;0.1064;162779;16;20;2
1167;25323;11954;0.0931;187007;16;21;0
1168;28659;6144;0.09903;187007;16;21;1
1169;21932;5810;0.08756;187007;16;21;2
1170;26063;6400;0.09484;103869;16;22;0
1171;29719;3418;0.10462;103869;16;22;1
1172;22350;2982;0.08566;103869;16;22;2
1173;34567;383;0.037;16306;17;0;0
1174;42152;204;0.0397;16306;17;0;1
1175;26971;179;0.03433;16306;17;0;2
1176;23175;8249;0.11128;104946;17;1;0
1177;25086;4670;0.12481;104946;17;1;1
1178;21029;3579;0.0975;104946;17;1;2
1179;25751;5731;0.08803;91745;17;2;0
1180;28480;3194;0.09885;91745;17;2;1
1181;22908;2537;0.07736;91745;17;2;2
1182;26785;2122;0.08999;33263;17;3;0
1183;30338;1330;0.1135;33263;17;3;1
1184;23071;791;0.06674;33263;17;3;2
1185;21465;4482;0.10975;55407;17;4;0
1186;22866;2567;0.12422;55407;17;4;1
1187;19923;1915;0.09493;55407;17;4;2
1188;24769;2124;0.08958;31864;17;5;0
1189;27335;1253;0.10536;31864;17;5;1
1190;22143;871;0.0737;31864;17;5;2
1191;26215;1596;0.06652;32288;17;6;0
1192;29705;885;0.07521;32288;17;6;1
1193;22837;711;0.05815;32288;17;6;2
1194;26150;1141;0.06138;25466;17;7;0
1195;29513;693;0.07232;25466;17;7;1
1196;22750;448;0.04972;25466;17;7;2
1197;25560;1978;0.0638;41958;17;8;0
1198;28681;1135;0.07522;41958;17;8;1
1199;22567;842;0.05297;41958;17;8;2
1200;20212;19434;0.13862;204142;17;9;0
1201;21625;11001;0.15232;204142;17;9;1
1202;18431;8433;0.12407;204142;17;9;2
1203;21649;9362;0.13192;103008;17;10;0
1204;23652;4933;0.13851;103008;17;10;1
1205;19330;4429;0.12528;103008;17;10;2
1206;21217;9141;0.13487;97634;17;11;0
1207;22645;5116;0.1487;97634;17;11;1
1208;19529;4026;0.12062;97634;17;11;2
1209;30509;2530;0.07548;53778;17;12;0
1210;35581;1386;0.08537;53778;17;12;1
1211;25415;1144;0.06619;53778;17;12;2
1212;24946;5989;0.09533;92990;17;13;0
1213;27382;3374;0.10805;92990;17;13;1
1214;22331;2615;0.08276;92990;17;13;2
1215;19167;7479;0.13193;77621;17;14;0
1216;20089;4371;0.14851;77621;17;14;1
1217;18045;3108;0.11402;77621;17;14;2
1218;21109;8429;0.11555;103785;17;15;0
1219;22320;4926;0.13244;103785;17;15;1
1220;19699;3503;0.09798;103785;17;15;2
1221;22270;4214;0.1054;57292;17;16;0
1222;24212;2419;0.12055;57292;17;16;1
1223;20134;1795;0.09014;57292;17;16;2
1224;27015;2668;0.0755;51587;17;17;0
1225;30751;1446;0.0859;51587;17;17;1
1226;23409;1222;0.06603;51587;17;17;2
1227;27938;3850;0.08188;72947;17;18;0
1228;32800;2091;0.09212;72947;17;18;1
1229;23059;1759;0.07233;72947;17;18;2
1230;19848;8750;0.14409;86502;17;19;0
1231;20918;4976;0.1609;86502;17;19;1
1232;18545;3774;0.12665;86502;17;19;2
1233;23404;12823;0.1151;165673;17;20;0
1234;25735;6943;0.12642;165673;17;20;1
1235;20853;5880;0.1041;165673;17;20;2
1236;25446;11762;0.08967;191008;17;21;0
1237;28665;6006;0.09453;191008;17;21;1
1238;22112;5756;0.0851;191008;17;21;2
1239;26088;6478;0.09286;106281;17;22;0
1240;29603;3395;0.10047;106281;17;22;1
1241;22440;3083;0.08571;106281;17;22;2
1242;36561;509;0.05016;16047;18;0;0
1243;43810;277;0.0546;16047;18;0;1
1244;29229;232;0.04571;16047;18;0;2
1245;24142;9884;0.13264;105848;18;1;0
1246;25973;5613;0.14907;105848;18;1;1
1247;22094;4272;0.11586;105848;18;1;2
1248;26665;7232;0.11015;91680;18;2;0
1249;29359;4118;0.12652;91680;18;2;1
1250;23833;3114;0.09406;91680;18;2;2
1251;28103;2589;0.11036;33212;18;3;0
1252;31900;1596;0.1375;33212;18;3;1
1253;24130;992;0.08377;33212;18;3;2
1254;22383;5607;0.13814;55123;18;4;0
1255;23773;3179;0.15468;55123;18;4;1
1256;20824;2427;0.12117;55123;18;4;2
1257;25673;2553;0.10905;31651;18;5;0
1258;28272;1464;0.12562;31651;18;5;1
1259;23052;1089;0.09262;31651;18;5;2
1260;27222;1991;0.08394;31961;18;6;0
1261;30327;1103;0.09461;31961;18;6;1
1262;24162;888;0.07363;31961;18;6;2
1263;27406;1365;0.07591;25021;18;7;0
1264;30475;828;0.09006;25021;18;7;1
1265;24296;537;0.0611;25021;18;7;2
1266;26810;2448;0.07939;41884;18;8;0
1267;29936;1397;0.0935;41884;18;8;1
1268;23829;1051;0.06612;41884;18;8;2
1269;20811;24283;0.17042;207193;18;9;0
1270;22029;13763;0.18737;207193;18;9;1
1271;19252;10520;0.15239;207193;18;9;2
1272;22179;11419;0.1597;104434;18;10;0
1273;23964;6049;0.16851;104434;18;10;1
1274;20083;5370;0.15083;104434;18;10;2
1275;22018;11050;0.16287;97078;18;11;0
1276;23363;6234;0.18057;97078;18;11;1
1277;20403;4816;0.14454;97078;18;11;2
1278;31457;3162;0.09417;54040;18;12;0
1279;36451;1734;0.10643;54040;18;12;1
1280;26431;1429;0.08261;54040;18;12;2
1281;25816;7626;0.12147;93634;18;13;0
1282;28114;4274;0.13686;93634;18;13;1
1283;23334;3352;0.10624;93634;18;13;2
1284;20042;9037;0.16071;76813;18;14;0
1285;20842;5319;0.18181;76813;18;14;1
1286;19055;3718;0.13783;76813;18;14;2
1287;21877;10508;0.14484;103117;18;15;0
1288;22914;6126;0.16522;103117;18;15;1
1289;20653;4381;0.12354;103117;18;15;2
1290;23266;5186;0.13063;57027;18;16;0
1291;24931;2965;0.14919;57027;18;16;1
1292;21400;2220;0.11201;57027;18;16;2
1293;28004;3275;0.09276;51497;18;17;0
1294;32011;1804;0.10689;51497;18;17;1
1295;24154;1471;0.07982;51497;18;17;2
1296;29195;4730;0.0996;73901;18;18;0
1297;34102;2580;0.11213;73901;18;18;1
1298;24257;2150;0.08783;73901;18;18;2
1299;20671;10295;0.17064;86368;18;19;0
1300;21591;5852;0.19005;86368;18;19;1
1301;19531;4443;0.15041;86368;18;19;2
1302;24061;16347;0.14326;167968;18;20;0
1303;26202;8936;0.15872;167968;18;20;1
1304;21693;7411;0.1282;167968;18;20;2
1305;26272;14773;0.11001;195230;18;21;0
1306;29302;7688;0.11815;195230;18;21;1
1307;23100;7085;0.10236;195230;18;21;2
1308;26900;8058;0.11266;110464;18;22;0
1309;30160;4247;0.12232;110464;18;22;1
1310;23451;3811;0.10354;110464;18;22;2
1311;37250;449;0.04447;15867;19;0;0
1312;44343;241;0.04758;15867;19;0;1
1313;29954;208;0.04135;15867;19;0;2
1314;24930;8719;0.11784;105237;19;1;0
1315;26916;4900;0.13105;105237;19;1;1
1316;22718;3819;0.10435;105237;19;1;2
1317;27450;6487;0.09748;93248;19;2;0
1318;30396;3636;0.11072;93248;19;2;1
1319;24373;2851;0.08458;93248;19;2;2
1320;29010;2252;0.0963;33075;19;3;0
1321;33388;1389;0.11948;33075;19;3;1
1322;24439;863;0.07338;33075;19;3;2
1323;23096;4931;0.12333;54373;19;4;0
1324;24695;2805;0.13799;54373;19;4;1
1325;21315;2126;0.10816;54373;19;4;2
1326;26528;2129;0.0927;31336;19;5;0
1327;29319;1215;0.10642;31336;19;5;1
1328;23709;914;0.07914;31336;19;5;2
1329;27866;1705;0.07288;31683;19;6;0
1330;30956;961;0.08326;31683;19;6;1
1331;24825;744;0.06277;31683;19;6;2
1332;28488;1190;0.06764;24365;19;7;0
1333;31220;714;0.07954;24365;19;7;1
1334;25734;477;0.05526;24365;19;7;2
1335;27518;2083;0.06829;41812;19;8;0
1336;30514;1196;0.08093;41812;19;8;1
1337;24612;887;0.0564;41812;19;8;2
1338;21487;22723;0.15691;210573;19;9;0
1339;22807;12736;0.16987;210573;19;9;1
1340;19785;9987;0.143;210573;19;9;2
1341;22629;10616;0.14718;105022;19;10;0
1342;24537;5463;0.1509;105022;19;10;1
1343;20386;5152;0.14343;105022;19;10;2
1344;22485;10183;0.14933;96998;19;11;0
1345;23987;5602;0.16142;96998;19;11;1
1346;20687;4581;0.1368;96998;19;11;2
1347;31719;2829;0.08463;53903;19;12;0
1348;36737;1554;0.09558;53903;19;12;1
1349;26662;1275;0.07427;53903;19;12;2
1350;26571;6890;0.11034;93366;19;13;0
1351;29005;3812;0.12276;93366;19;13;1
1352;23952;3077;0.09804;93366;19;13;2
1353;20866;8004;0.14307;76137;19;14;0
1354;21729;4692;0.16069;76137;19;14;1
1355;19804;3312;0.12384;76137;19;14;2
1356;22345;9462;0.13165;102480;19;15;0
1357;23348;5447;0.14769;102480;19;15;1
1358;21147;4015;0.11475;102480;19;15;2
1359;23891;4563;0.11641;56488;19;16;0
1360;25633;2581;0.1313;56488;19;16;1
1361;21949;1982;0.10143;56488;19;16;2
1362;28751;2869;0.08185;51327;19;17;0
1363;32677;1554;0.09297;51327;19;17;1
1364;25019;1315;0.07171;51327;19;17;2
1365;29903;4285;0.09012;73861;19;18;0
1366;34540;2344;0.10163;73861;19;18;1
1367;25235;1941;0.07927;73861;19;18;2
1368;21201;9185;0.1544;85264;19;19;0
1369;22241;5151;0.16879;85264;19;19;1
1370;19916;4034;0.13924;85264;19;19;2
1371;24381;15494;0.13126;173916;19;20;0
1372;26587;8240;0.14115;173916;19;20;1
1373;21926;7255;0.12159;173916;19;20;2
1374;26722;13700;0.10024;198806;19;21;0
1375;29850;6950;0.10487;198806;19;21;1
1376;23454;6750;0.09588;198806;19;21;2
1377;27268;7655;0.10486;111812;19;22;0
1378;30581;3883;0.10928;111812;19;22;1
1379;23748;3772;0.10067;111812;19;22;2
1380;;368;0.03524;15700;20;0;0
1381;;197;0.03851;15700;20;0;1
1382;;170;0.03209;15700;20;0;2
1383;;7395;0.09813;104688;20;1;0
1384;;4245;0.11224;104688;20;1;1
1385;;3150;0.08392;104688;20;1;2
1386;;5407;0.07936;93744;20;2;0
1387;;3038;0.09105;93744;20;2;1
1388;;2368;0.06814;93744;20;2;2
1389;;1853;0.07848;33007;20;3;0
1390;;1155;0.09853;33007;20;3;1
1391;;698;0.05872;33007;20;3;2
1392;;4278;0.10626;53731;20;4;0
1393;;2527;0.12344;53731;20;4;1
1394;;1751;0.08848;53731;20;4;2
1395;;1712;0.07409;30958;20;5;0
1396;;969;0.08523;30958;20;5;1
1397;;743;0.06329;30958;20;5;2
1398;;1341;0.05736;31326;20;6;0
1399;;768;0.06661;31326;20;6;1
1400;;574;0.04838;31326;20;6;2
1401;;930;0.05231;24189;20;7;0
1402;;543;0.06068;24189;20;7;1
1403;;387;0.04382;24189;20;7;2
1404;;1738;0.05664;41382;20;8;0
1405;;1010;0.06818;41382;20;8;1
1406;;727;0.04585;41382;20;8;2
1407;;20855;0.14052;212255;20;9;0
1408;;12161;0.15739;212255;20;9;1
1409;;8694;0.12221;212255;20;9;2
1410;;9424;0.12756;106078;20;10;0
1411;;4881;0.13142;106078;20;10;1
1412;;4543;0.12366;106078;20;10;2
1413;;9110;0.13114;97909;20;11;0
1414;;5102;0.14435;97909;20;11;1
1415;;4008;0.11745;97909;20;11;2
1416;;2359;0.06848;53959;20;12;0
1417;;1281;0.07681;53959;20;12;1
1418;;1077;0.06066;53959;20;12;2
1419;;6065;0.09527;92989;20;13;0
1420;;3452;0.10871;92989;20;13;1
1421;;2613;0.0819;92989;20;13;2
1422;;7051;0.12628;75635;20;14;0
1423;;4218;0.14469;75635;20;14;1
1424;;2833;0.10617;75635;20;14;2
1425;;8356;0.11585;101638;20;15;0
1426;;5012;0.1349;101638;20;15;1
1427;;3344;0.09561;101638;20;15;2
1428;;3956;0.10107;56014;20;16;0
1429;;2312;0.1182;56014;20;16;1
1430;;1644;0.08395;56014;20;16;2
1431;;2410;0.0682;50865;20;17;0
1432;;1349;0.08065;50865;20;17;1
1433;;1061;0.05701;50865;20;17;2
1434;;3648;0.07541;73873;20;18;0
1435;;1984;0.08517;73873;20;18;1
1436;;1664;0.06634;73873;20;18;2
1437;;8113;0.13552;84471;20;19;0
1438;;4709;0.15283;84471;20;19;1
1439;;3404;0.11717;84471;20;19;2
1440;;13598;0.11156;178185;20;20;0
1441;;7191;0.11924;178185;20;20;1
1442;;6408;0.10403;178185;20;20;2
1443;;11720;0.08234;203823;20;21;0
1444;;6022;0.08733;203823;20;21;1
1445;;5697;0.07766;203823;20;21;2
1446;;6657;0.08814;115174;20;22;0
1447;;3355;0.09111;115174;20;22;1
1448;;3302;0.08532;115174;20;22;2
1449;;374;0.03505;16620;21;0;0
1450;;194;0.03757;16620;21;0;1
1451;;180;0.03269;16620;21;0;2
1452;;7491;0.09655;108269;21;1;0
1453;;4384;0.11268;108269;21;1;1
1454;;3107;0.08033;108269;21;1;2
1455;;5631;0.08061;96756;21;2;0
1456;;3240;0.09437;96756;21;2;1
1457;;2391;0.06731;96756;21;2;2
1458;;1855;0.07841;33633;21;3;0
1459;;1155;0.09817;33633;21;3;1
1460;;700;0.05885;33633;21;3;2
1461;;4355;0.10732;55018;21;4;0
1462;;2657;0.12804;55018;21;4;1
1463;;1697;0.08562;55018;21;4;2
1464;;1721;0.07436;31423;21;5;0
1465;;999;0.08733;31423;21;5;1
1466;;722;0.06169;31423;21;5;2
1467;;1390;0.05943;31581;21;6;0
1468;;808;0.0699;31581;21;6;1
1469;;582;0.0492;31581;21;6;2
1470;;942;0.05303;24674;21;7;0
1471;;547;0.06106;24674;21;7;1
1472;;395;0.04487;24674;21;7;2
1473;;1781;0.05813;42206;21;8;0
1474;;1013;0.06878;42206;21;8;1
1475;;768;0.04828;42206;21;8;2
1476;;21604;0.14287;218415;21;9;0
1477;;13010;0.16427;218415;21;9;1
1478;;8594;0.11934;218415;21;9;2
1479;;9671;0.12831;109038;21;10;0
1480;;5149;0.13538;109038;21;10;1
1481;;4523;0.12112;109038;21;10;2
1482;;9349;0.13165;100281;21;11;0
1483;;5304;0.14661;100281;21;11;1
1484;;4045;0.11612;100281;21;11;2
1485;;2457;0.07053;55568;21;12;0
1486;;1335;0.07902;55568;21;12;1
1487;;1122;0.06253;55568;21;12;2
1488;;6295;0.09585;96828;21;13;0
1489;;3638;0.11101;96828;21;13;1
1490;;2657;0.08074;96828;21;13;2
1491;;7477;0.13297;76109;21;14;0
1492;;4552;0.15423;76109;21;14;1
1493;;2925;0.10949;76109;21;14;2
1494;;8545;0.11749;102444;21;15;0
1495;;5208;0.13862;102444;21;15;1
1496;;3337;0.09491;102444;21;15;2
1497;;3972;0.10106;56033;21;16;0
1498;;2408;0.12192;56033;21;16;1
1499;;1563;0.07998;56033;21;16;2
1500;;2343;0.06628;51559;21;17;0
1501;;1341;0.0803;51559;21;17;1
1502;;1001;0.05372;51559;21;17;2
1503;;3656;0.07497;75517;21;18;0
1504;;2036;0.08677;75517;21;18;1
1505;;1621;0.06404;75517;21;18;2
1506;;8389;0.13744;85690;21;19;0
1507;;4996;0.1584;85690;21;19;1
1508;;3394;0.11503;85690;21;19;2
1509;;13926;0.1121;183895;21;20;0
1510;;7423;0.12071;183895;21;20;1
1511;;6503;0.10366;183895;21;20;2
1512;;12320;0.08314;212658;21;21;0
1513;;6327;0.08796;212658;21;21;1
1514;;5993;0.07859;212658;21;21;2
1515;;6973;0.09018;117882;21;22;0
1516;;3574;0.09443;117882;21;22;1
1517;;3399;0.0861;117882;21;22;2
