id;avg_net_income;unemployment_count;unemployment_percentage;population;districtID;sexID;dateID
0;31961;232;0.03803;17630;0;0;0
1;18301;2933;0.09267;89016;1;0;0
2;21444;2403;0.08354;82227;2;0;0
3;23641;668;0.06657;28975;3;0;0
4;17937;1734;0.09556;49785;4;0;0
5;21260;871;0.08133;28525;5;0;0
6;21129;706;0.06589;28912;6;0;0
7;23342;529;0.06384;22219;7;0;0
8;22183;904;0.06617;38290;8;0;0
9;18657;5293;0.09927;152796;9;0;0
10;18883;2474;0.08869;78785;10;0;0
11;18884;2575;0.09511;78971;11;0;0
12;29951;707;0.04679;50341;12;0;0
13;22571;1999;0.07477;79142;13;0;0
14;16355;2486;0.09931;67482;14;0;0
15;18004;3197;0.10242;87914;15;0;0
16;20022;1534;0.08952;48827;16;0;0
17;24325;1008;0.06808;45505;17;0;0
18;27605;1235;0.06095;65327;18;0;0
19;17143;2892;0.10375;76837;19;0;0
20;20611;3760;0.08586;129726;20;0;0
21;22016;3110;0.06574;138100;21;0;0
22;24849;1718;0.06005;85791;22;0;0
23;33764;242;0.03989;17541;0;0;1
24;18296;3119;0.09718;89954;1;0;1
25;21523;2583;0.08938;82297;2;0;1
26;24031;687;0.06728;29348;3;0;1
27;17976;1836;0.09896;50367;4;0;1
28;21460;935;0.08681;28805;5;0;1
29;21490;734;0.06822;28968;6;0;1
30;23644;575;0.06564;23156;7;0;1
31;21776;970;0.06953;38304;8;0;1
32;18586;5658;0.10376;156349;9;0;1
33;18937;2590;0.09135;80485;10;0;1
34;18834;2801;0.10087;80270;11;0;1
35;29800;762;0.04984;50797;12;0;1
36;22460;2103;0.07762;80185;13;0;1
37;16321;2589;0.10237;67976;14;0;1
38;17991;3447;0.10896;89153;15;0;1
39;19906;1701;0.09668;49428;16;0;1
40;24511;1091;0.07239;45872;17;0;1
41;27421;1403;0.0689;66017;18;0;1
42;17018;3149;0.11038;78792;19;0;1
43;20582;3931;0.08808;131892;20;0;1
44;22105;3255;0.06788;140404;21;0;1
45;24792;1878;0.06519;86486;22;0;1
46;33770;245;0.04083;17384;0;0;2
47;18263;2929;0.09058;90837;1;0;2
48;21964;2639;0.08972;83019;2;0;2
49;24824;663;0.0646;29394;3;0;2
50;18108;1808;0.09578;51098;4;0;2
51;21560;957;0.08835;28891;5;0;2
52;21447;722;0.06712;29012;6;0;2
53;23832;532;0.06024;23309;7;0;2
54;22627;1009;0.07041;38865;8;0;2
55;18542;6056;0.10915;159105;9;0;2
56;18901;2683;0.09413;81369;10;0;2
57;19039;3010;0.10638;82178;11;0;2
58;30745;830;0.05424;50896;12;0;2
59;22804;2230;0.0817;80505;13;0;2
60;16252;2798;0.10985;68760;14;0;2
61;18087;3549;0.11035;89822;15;0;2
62;19940;1790;0.09919;50278;16;0;2
63;25061;1163;0.0762;46309;17;0;2
64;28208;1419;0.06974;66437;18;0;2
65;17145;2928;0.10185;79441;19;0;2
66;20700;4078;0.09054;133801;20;0;2
67;22477;3315;0.06836;142620;21;0;2
68;24809;1929;0.06698;87080;22;0;2
69;35904;238;0.03964;17294;0;0;3
70;18703;2944;0.09066;91364;1;0;3
71;22520;2619;0.0885;83827;2;0;3
72;25133;621;0.05958;29573;3;0;3
73;18436;1751;0.09092;51882;4;0;3
74;22184;949;0.08654;29012;5;0;3
75;22475;686;0.06167;29161;6;0;3
76;25497;453;0.05151;23588;7;0;3
77;23577;960;0.0669;39472;8;0;3
78;18812;6059;0.10667;163695;9;0;3
79;19343;2697;0.09447;82429;10;0;3
80;19145;2994;0.10442;83372;11;0;3
81;31628;815;0.05361;51316;12;0;3
82;23196;2196;0.07997;81785;13;0;3
83;16622;2857;0.11069;69467;14;0;3
84;18523;3513;0.10656;91997;15;0;3
85;20538;1816;0.09827;51316;16;0;3
86;25617;1125;0.07322;46921;17;0;3
87;28546;1335;0.06553;66900;18;0;3
88;17369;2963;0.10242;80758;19;0;3
89;21146;3848;0.08529;134904;20;0;3
90;22962;3354;0.06879;144820;21;0;3
91;25498;1827;0.06361;87716;22;0;3
92;36957;201;0.03359;17285;0;0;4
93;19051;2913;0.08757;92170;1;0;4
94;23088;2414;0.08216;84208;2;0;4
95;25922;578;0.05519;30126;3;0;4
96;18976;1654;0.08546;52534;4;0;4
97;22768;923;0.08353;29369;5;0;4
98;24120;648;0.05843;30416;6;0;4
99;26086;440;0.04972;23597;7;0;4
100;24163;833;0.05814;39264;8;0;4
101;18984;5792;0.10051;167238;9;0;4
102;19658;2545;0.08955;82722;10;0;4
103;19188;2901;0.10098;84240;11;0;4
104;32744;785;0.05199;51356;12;0;4
105;23360;2219;0.0805;82829;13;0;4
106;16713;2822;0.1089;70235;14;0;4
107;18734;3488;0.10502;93817;15;0;4
108;20699;1799;0.09674;52480;16;0;4
109;26614;1104;0.07173;47291;17;0;4
110;29184;1211;0.05903;67389;18;0;4
111;17723;2887;0.1003;81288;19;0;4
112;21377;3897;0.08596;136625;20;0;4
113;23591;3110;0.06338;146892;21;0;4
114;25798;1759;0.06099;89078;22;0;4
115;40019;187;0.03187;17147;0;0;5
116;19917;2664;0.08;93313;1;0;5
117;23979;2225;0.07706;83919;2;0;5
118;27092;533;0.05146;30189;3;0;5
119;19416;1572;0.08151;52286;4;0;5
120;23751;851;0.07719;29463;5;0;5
121;24355;582;0.05309;29955;6;0;5
122;26717;434;0.04914;23613;7;0;5
123;25027;734;0.05138;39160;8;0;5
124;19251;5356;0.09231;169413;9;0;5
125;20050;2468;0.08514;82903;10;0;5
126;19705;2788;0.09618;85011;11;0;5
127;33693;725;0.04873;51304;12;0;5
128;24002;2096;0.07544;83246;13;0;5
129;16995;2620;0.10117;70228;14;0;5
130;19144;3215;0.097;93877;15;0;5
131;21219;1651;0.0895;52626;16;0;5
132;28603;1004;0.06538;47333;17;0;5
133;30390;1075;0.05263;67832;18;0;5
134;17982;2577;0.08965;81719;19;0;5
135;21753;3631;0.07964;137335;20;0;5
136;23915;2722;0.05503;149083;21;0;5
137;26600;1670;0.05788;90291;22;0;5
138;38870;164;0.02875;16976;0;0;6
139;20406;2435;0.07293;93463;1;0;6
140;24565;2007;0.07018;83050;2;0;6
141;27510;498;0.04773;30262;3;0;6
142;19792;1460;0.07556;52434;4;0;6
143;24269;800;0.07323;29430;5;0;6
144;25086;500;0.04583;30054;6;0;6
145;27092;370;0.04189;23703;7;0;6
146;25390;653;0.0459;39466;8;0;6
147;19717;4840;0.08291;171113;9;0;6
148;20534;2316;0.07744;85834;10;0;6
149;20190;2582;0.08763;85736;11;0;6
150;33790;681;0.04622;51127;12;0;6
151;24470;1961;0.07037;83751;13;0;6
152;17383;2410;0.09313;70291;14;0;6
153;19657;2891;0.08733;94193;15;0;6
154;21954;1462;0.07976;52414;16;0;6
155;28593;929;0.06046;47478;17;0;6
156;31232;978;0.0481;67961;18;0;6
157;18418;2367;0.08241;81648;19;0;6
158;22173;3297;0.07203;138678;20;0;6
159;24632;2424;0.04837;150967;21;0;6
160;27182;1577;0.05475;91192;22;0;6
161;40505;179;0.03255;16623;0;0;7
162;20700;2805;0.08323;93822;1;0;7
163;25329;2237;0.07863;82979;2;0;7
164;28139;553;0.05298;30348;3;0;7
165;20443;1607;0.08337;52288;4;0;7
166;24614;843;0.07788;29197;5;0;7
167;25665;575;0.05278;29878;6;0;7
168;27475;412;0.04674;23639;7;0;7
169;25874;724;0.051;39167;8;0;7
170;20036;5506;0.09372;173227;9;0;7
171;20837;2646;0.08694;87966;10;0;7
172;20607;2891;0.09733;86950;11;0;7
173;34561;775;0.0527;50981;12;0;7
174;25113;2170;0.07824;83980;13;0;7
175;17880;2620;0.10103;70600;14;0;7
176;20112;3174;0.09555;94526;15;0;7
177;23015;1654;0.09048;52253;16;0;7
178;28553;1014;0.06594;47619;17;0;7
179;31525;1100;0.05434;67837;18;0;7
180;19014;2629;0.09156;81986;19;0;7
181;22749;3652;0.0797;139498;20;0;7
182;25094;2856;0.05634;153148;21;0;7
183;27464;1808;0.06299;91623;22;0;7
184;42167;188;0.03497;16525;0;0;8
185;20655;2853;0.08462;94735;1;0;8
186;25291;2237;0.07823;83061;2;0;8
187;28164;579;0.05534;30331;3;0;8
188;20231;1580;0.08137;52354;4;0;8
189;24979;843;0.07775;29323;5;0;8
190;25755;572;0.05223;30069;6;0;8
191;26591;397;0.04626;23435;7;0;8
192;25517;705;0.04946;39344;8;0;8
193;19828;5606;0.09467;174749;9;0;8
194;20685;2638;0.08588;89461;10;0;8
195;20333;2876;0.09632;87462;11;0;8
196;33933;759;0.05164;51015;12;0;8
197;24483;2115;0.07617;84090;13;0;8
198;17676;2568;0.09815;70830;14;0;8
199;19979;3008;0.0904;94816;15;0;8
200;22272;1536;0.08462;52328;16;0;8
201;29104;960;0.06285;47693;17;0;8
202;31191;1129;0.05551;67865;18;0;8
203;18722;2648;0.09174;82083;19;0;8
204;22707;3763;0.08139;140647;20;0;8
205;25203;2833;0.05505;155527;21;0;8
206;27229;1843;0.06391;92252;22;0;8
207;42585;173;0.03247;16385;0;0;9
208;20437;3124;0.09217;95302;1;0;9
209;25152;2245;0.07781;83955;2;0;9
210;27557;614;0.05821;30541;3;0;9
211;20023;1650;0.0846;52753;4;0;9
212;24772;831;0.07745;29308;5;0;9
213;25823;553;0.05053;30062;6;0;9
214;26869;406;0.04698;23379;7;0;9
215;25361;764;0.05405;39315;8;0;9
216;19581;6013;0.10025;176558;9;0;9
217;20881;2709;0.08716;90394;10;0;9
218;20069;2974;0.09893;88023;11;0;9
219;34204;796;0.05426;50966;12;0;9
220;24414;2236;0.08032;84566;13;0;9
221;17342;2731;0.10371;71491;14;0;9
222;19548;3197;0.09523;94951;15;0;9
223;21761;1624;0.08956;52293;16;0;9
224;28412;987;0.06483;47575;17;0;9
225;30828;1245;0.06069;68079;18;0;9
226;18534;2847;0.09762;82969;19;0;9
227;22816;3833;0.0816;142199;20;0;9
228;25197;2987;0.05669;158417;21;0;9
229;27206;1929;0.06605;93374;22;0;9
230;40707;184;0.03532;16290;0;0;10
231;21113;3333;0.09826;96582;1;0;10
232;25794;2349;0.08065;84574;2;0;10
233;28700;619;0.05837;30724;3;0;10
234;20265;1684;0.08649;52581;4;0;10
235;24984;852;0.07848;29388;5;0;10
236;25964;575;0.05232;30101;6;0;10
237;27110;406;0.04642;23560;7;0;10
238;26121;777;0.05429;39431;8;0;10
239;19719;6483;0.10529;178358;9;0;10
240;21188;2946;0.094;91223;10;0;10
241;20359;3091;0.10223;88515;11;0;10
242;33912;917;0.06228;50650;12;0;10
243;24975;2315;0.08275;84973;13;0;10
244;17711;2912;0.10826;71651;14;0;10
245;19983;3308;0.09684;95704;15;0;10
246;21753;1671;0.0912;52647;16;0;10
247;28808;989;0.06464;47632;17;0;10
248;31546;1314;0.06386;68460;18;0;10
249;18702;3081;0.10551;83351;19;0;10
250;22980;4006;0.08405;144263;20;0;10
251;25666;3255;0.06057;161957;21;0;10
252;27422;1955;0.06678;94469;22;0;10
253;40698;183;0.03557;16268;0;0;11
254;21331;3593;0.10494;96866;1;0;11
255;25580;2397;0.08165;85508;2;0;11
256;28353;647;0.06066;30989;3;0;11
257;20297;1825;0.09201;53071;4;0;11
258;25035;927;0.08238;30117;5;0;11
259;26115;612;0.05463;30309;6;0;11
260;26839;462;0.05145;23930;7;0;11
261;25629;859;0.05914;39968;8;0;11
262;19694;7079;0.1115;182595;9;0;11
263;21378;3273;0.10369;92274;10;0;11
264;20306;3356;0.10918;89616;11;0;11
265;33355;965;0.06482;50831;12;0;11
266;24936;2476;0.08704;86248;13;0;11
267;17716;3078;0.11129;73527;14;0;11
268;20019;3661;0.10498;97565;15;0;11
269;21830;1834;0.09714;53489;16;0;11
270;28654;1066;0.06929;48162;17;0;11
271;30929;1430;0.06911;68892;18;0;11
272;18805;3311;0.11252;83977;19;0;11
273;23169;4610;0.09536;146516;20;0;11
274;25688;3681;0.06736;165265;21;0;11
275;27688;2107;0.07151;95263;22;0;11
276;40078;193;0.03781;16131;0;0;12
277;21746;4267;0.1203;99597;1;0;12
278;26073;2698;0.09003;86454;2;0;12
279;28316;698;0.06432;31452;3;0;12
280;20340;2108;0.10479;53610;4;0;12
281;25257;1113;0.09775;30613;5;0;12
282;26313;738;0.06468;30792;6;0;12
283;26973;587;0.06408;24279;7;0;12
284;25721;988;0.06738;40528;8;0;12
285;19765;8056;0.12539;186450;9;0;12
286;21418;3683;0.11468;93440;10;0;12
287;20542;3879;0.12367;90874;11;0;12
288;33517;1105;0.07303;51275;12;0;12
289;24970;2822;0.09722;87597;13;0;12
290;17725;3545;0.12465;74791;14;0;12
291;20073;4206;0.11795;99094;15;0;12
292;21616;2074;0.10702;54422;16;0;12
293;28397;1207;0.07739;48365;17;0;12
294;31082;1694;0.08113;69242;18;0;12
295;19012;3907;0.13129;84305;19;0;12
296;23448;5457;0.11102;148947;20;0;12
297;26022;4326;0.07788;168394;21;0;12
298;27771;2345;0.07909;96094;22;0;12
299;39276;215;0.04173;16339;0;0;13
300;22057;4447;0.12328;101702;1;0;13
301;26160;3046;0.09926;88125;2;0;13
302;27449;1371;0.1218;31691;3;0;13
303;20320;2527;0.1237;54246;4;0;13
304;25186;1331;0.11482;31000;5;0;13
305;26502;896;0.07668;31291;6;0;13
306;27178;702;0.07492;24518;7;0;13
307;26176;1160;0.0777;40882;8;0;13
308;19578;10120;0.15276;189713;9;0;13
309;21456;4510;0.13704;95198;10;0;13
310;20227;4627;0.14416;92229;11;0;13
311;34095;1307;0.08447;52115;12;0;13
312;25127;3321;0.11215;89303;13;0;13
313;17703;4474;0.15385;76320;14;0;13
314;20151;5052;0.13947;100738;15;0;13
315;22051;2549;0.129;55628;16;0;13
316;28392;1434;0.08974;49178;17;0;13
317;30760;2017;0.09451;69999;18;0;13
318;18936;4729;0.15636;85525;19;0;13
319;23604;6497;0.12871;151844;20;0;13
320;26104;5160;0.0891;172978;21;0;13
321;27829;2751;0.09184;96775;22;0;13
322;44494;217;0.04177;16411;0;0;14
323;23053;4309;0.11627;103225;1;0;14
324;27273;3135;0.0992;89806;2;0;14
325;28089;1499;0.12859;32751;3;0;14
326;21035;2547;0.1229;54938;4;0;14
327;25928;1298;0.1102;31620;5;0;14
328;27280;880;0.0734;32020;6;0;14
329;27806;720;0.07438;25054;7;0;14
330;26709;1170;0.07637;43095;8;0;14
331;20383;10760;0.15713;194746;9;0;14
332;22312;4561;0.13554;97342;10;0;14
333;21158;4863;0.14658;94170;11;0;14
334;35210;1327;0.08088;53813;12;0;14
335;26185;3329;0.10887;91596;13;0;14
336;18326;4518;0.15084;78349;14;0;14
337;20909;4960;0.13376;102605;15;0;14
338;22878;2479;0.12316;56329;16;0;14
339;28781;1433;0.08749;50283;17;0;14
340;31756;1998;0.09098;71609;18;0;14
341;19534;4739;0.15384;85815;19;0;14
342;24649;6574;0.12645;155986;20;0;14
343;27406;5272;0.08826;180272;21;0;14
344;28796;2933;0.09506;98391;22;0;14
345;43291;251;0.04847;16465;0;0;15
346;23329;5258;0.14017;105003;1;0;15
347;27449;3713;0.11673;90183;2;0;15
348;28646;1685;0.14277;33035;3;0;15
349;21191;2953;0.14124;55356;4;0;15
350;26170;1486;0.12422;31865;5;0;15
351;27563;1037;0.08657;32197;6;0;15
352;27658;796;0.081;25528;7;0;15
353;26974;1407;0.09055;42709;8;0;15
354;20464;12793;0.18272;198083;9;0;15
355;22493;5423;0.15739;100137;10;0;15
356;21449;5758;0.16945;95955;11;0;15
357;34920;1516;0.09166;54171;12;0;15
358;26262;3904;0.12644;92337;13;0;15
359;18729;5237;0.17388;78999;14;0;15
360;21056;5962;0.15897;104323;15;0;15
361;22962;2893;0.14237;57180;16;0;15
362;29294;1742;0.10372;51128;17;0;15
363;31641;2410;0.10793;72107;18;0;15
364;19742;5645;0.1814;86868;19;0;15
365;24588;7800;0.14692;158712;20;0;15
366;27641;6350;0.10419;184188;21;0;15
367;28658;3502;0.11042;101053;22;0;15
368;39889;224;0.04318;16450;0;0;16
369;24349;4944;0.1321;105574;1;0;16
370;26577;3441;0.10744;90712;2;0;16
371;29397;1527;0.12914;33319;3;0;16
372;21832;2712;0.12946;55640;4;0;16
373;26700;1380;0.11498;32069;5;0;16
374;27920;1010;0.08444;32467;6;0;16
375;28198;773;0.07972;25662;7;0;16
376;27464;1296;0.0847;42547;8;0;16
377;20761;12004;0.16834;201882;9;0;16
378;23712;5167;0.14828;101420;10;0;16
379;22004;5426;0.15794;97624;11;0;16
380;34726;1441;0.08779;54265;12;0;16
381;26011;3684;0.11868;92752;13;0;16
382;19391;4853;0.16286;79029;14;0;16
383;22486;5463;0.14575;104627;15;0;16
384;24568;2655;0.1307;57546;16;0;16
385;30714;1600;0.09482;51647;17;0;16
386;33340;2282;0.10202;72650;18;0;16
387;19619;5260;0.16959;87239;19;0;16
388;25578;7380;0.13653;162779;20;0;16
389;28659;6144;0.09903;187007;21;0;16
390;29719;3418;0.10462;103869;22;0;16
391;42152;204;0.0397;16306;0;0;17
392;25086;4670;0.12481;104946;1;0;17
393;28480;3194;0.09885;91745;2;0;17
394;30338;1330;0.1135;33263;3;0;17
395;22866;2567;0.12422;55407;4;0;17
396;27335;1253;0.10536;31864;5;0;17
397;29705;885;0.07521;32288;6;0;17
398;29513;693;0.07232;25466;7;0;17
399;28681;1135;0.07522;41958;8;0;17
400;21625;11001;0.15232;204142;9;0;17
401;23652;4933;0.13851;103008;10;0;17
402;22645;5116;0.1487;97634;11;0;17
403;35581;1386;0.08537;53778;12;0;17
404;27382;3374;0.10805;92990;13;0;17
405;20089;4371;0.14851;77621;14;0;17
406;22320;4926;0.13244;103785;15;0;17
407;24212;2419;0.12055;57292;16;0;17
408;30751;1446;0.0859;51587;17;0;17
409;32800;2091;0.09212;72947;18;0;17
410;20918;4976;0.1609;86502;19;0;17
411;25735;6943;0.12642;165673;20;0;17
412;28665;6006;0.09453;191008;21;0;17
413;29603;3395;0.10047;106281;22;0;17
414;43810;277;0.0546;16047;0;0;18
415;25973;5613;0.14907;105848;1;0;18
416;29359;4118;0.12652;91680;2;0;18
417;31900;1596;0.1375;33212;3;0;18
418;23773;3179;0.15468;55123;4;0;18
419;28272;1464;0.12562;31651;5;0;18
420;30327;1103;0.09461;31961;6;0;18
421;30475;828;0.09006;25021;7;0;18
422;29936;1397;0.0935;41884;8;0;18
423;22029;13763;0.18737;207193;9;0;18
424;23964;6049;0.16851;104434;10;0;18
425;23363;6234;0.18057;97078;11;0;18
426;36451;1734;0.10643;54040;12;0;18
427;28114;4274;0.13686;93634;13;0;18
428;20842;5319;0.18181;76813;14;0;18
429;22914;6126;0.16522;103117;15;0;18
430;24931;2965;0.14919;57027;16;0;18
431;32011;1804;0.10689;51497;17;0;18
432;34102;2580;0.11213;73901;18;0;18
433;21591;5852;0.19005;86368;19;0;18
434;26202;8936;0.15872;167968;20;0;18
435;29302;7688;0.11815;195230;21;0;18
436;30160;4247;0.12232;110464;22;0;18
437;44343;241;0.04758;15867;0;0;19
438;26916;4900;0.13105;105237;1;0;19
439;30396;3636;0.11072;93248;2;0;19
440;33388;1389;0.11948;33075;3;0;19
441;24695;2805;0.13799;54373;4;0;19
442;29319;1215;0.10642;31336;5;0;19
443;30956;961;0.08326;31683;6;0;19
444;31220;714;0.07954;24365;7;0;19
445;30514;1196;0.08093;41812;8;0;19
446;22807;12736;0.16987;210573;9;0;19
447;24537;5463;0.1509;105022;10;0;19
448;23987;5602;0.16142;96998;11;0;19
449;36737;1554;0.09558;53903;12;0;19
450;29005;3812;0.12276;93366;13;0;19
451;21729;4692;0.16069;76137;14;0;19
452;23348;5447;0.14769;102480;15;0;19
453;25633;2581;0.1313;56488;16;0;19
454;32677;1554;0.09297;51327;17;0;19
455;34540;2344;0.10163;73861;18;0;19
456;22241;5151;0.16879;85264;19;0;19
457;26587;8240;0.14115;173916;20;0;19
458;29850;6950;0.10487;198806;21;0;19
459;30581;3883;0.10928;111812;22;0;19
460;;197;0.03851;15700;0;0;20
461;;4245;0.11224;104688;1;0;20
462;;3038;0.09105;93744;2;0;20
463;;1155;0.09853;33007;3;0;20
464;;2527;0.12344;53731;4;0;20
465;;969;0.08523;30958;5;0;20
466;;768;0.06661;31326;6;0;20
467;;543;0.06068;24189;7;0;20
468;;1010;0.06818;41382;8;0;20
469;;12161;0.15739;212255;9;0;20
470;;4881;0.13142;106078;10;0;20
471;;5102;0.14435;97909;11;0;20
472;;1281;0.07681;53959;12;0;20
473;;3452;0.10871;92989;13;0;20
474;;4218;0.14469;75635;14;0;20
475;;5012;0.1349;101638;15;0;20
476;;2312;0.1182;56014;16;0;20
477;;1349;0.08065;50865;17;0;20
478;;1984;0.08517;73873;18;0;20
479;;4709;0.15283;84471;19;0;20
480;;7191;0.11924;178185;20;0;20
481;;6022;0.08733;203823;21;0;20
482;;3355;0.09111;115174;22;0;20
483;;194;0.03757;16620;0;0;21
484;;4384;0.11268;108269;1;0;21
485;;3240;0.09437;96756;2;0;21
486;;1155;0.09817;33633;3;0;21
487;;2657;0.12804;55018;4;0;21
488;;999;0.08733;31423;5;0;21
489;;808;0.0699;31581;6;0;21
490;;547;0.06106;24674;7;0;21
491;;1013;0.06878;42206;8;0;21
492;;13010;0.16427;218415;9;0;21
493;;5149;0.13538;109038;10;0;21
494;;5304;0.14661;100281;11;0;21
495;;1335;0.07902;55568;12;0;21
496;;3638;0.11101;96828;13;0;21
497;;4552;0.15423;76109;14;0;21
498;;5208;0.13862;102444;15;0;21
499;;2408;0.12192;56033;16;0;21
500;;1341;0.0803;51559;17;0;21
501;;2036;0.08677;75517;18;0;21
502;;4996;0.1584;85690;19;0;21
503;;7423;0.12071;183895;20;0;21
504;;6327;0.08796;212658;21;0;21
505;;3574;0.09443;117882;22;0;21
506;18536;201;0.03264;17630;0;1;0
507;14282;1851;0.0607;89016;1;1;0
508;15804;1554;0.0532;82227;2;1;0
509;16876;472;0.04521;28975;3;1;0
510;14395;1147;0.06445;49785;4;1;0
511;16069;527;0.04941;28525;5;1;0
512;15725;526;0.04803;28912;6;1;0
513;16931;363;0.0429;22219;7;1;0
514;16031;569;0.04027;38290;8;1;0
515;14478;3300;0.06176;152796;9;1;0
516;14296;1792;0.06289;78785;10;1;0
517;14794;1708;0.06147;78971;11;1;0
518;17877;565;0.03267;50341;12;1;0
519;16300;1301;0.04607;79142;13;1;0
520;13439;1403;0.05962;67482;14;1;0
521;14465;1800;0.05791;87914;15;1;0
522;14960;979;0.0566;48827;16;1;0
523;16466;731;0.04484;45505;17;1;0
524;17113;934;0.0409;65327;18;1;0
525;13986;1675;0.06256;76837;19;1;0
526;15081;2699;0.05808;129726;20;1;0
527;15577;2553;0.05037;138100;21;1;0
528;16511;1281;0.04093;85791;22;1;0
529;18907;209;0.0338;17541;0;1;1
530;14478;1954;0.06291;89954;1;1;1
531;16150;1633;0.05513;82297;2;1;1
532;17256;476;0.04498;29348;3;1;1
533;14633;1195;0.06576;50367;4;1;1
534;16449;544;0.05031;28805;5;1;1
535;16388;528;0.0476;28968;6;1;1
536;17106;372;0.04291;23156;7;1;1
537;16336;623;0.04368;38304;8;1;1
538;14669;3487;0.06391;156349;9;1;1
539;14403;1891;0.0655;80485;10;1;1
540;14895;1858;0.06531;80270;11;1;1
541;18220;604;0.03458;50797;12;1;1
542;16534;1403;0.04902;80185;13;1;1
543;13415;1490;0.06221;67976;14;1;1
544;14593;2004;0.06356;89153;15;1;1
545;15215;1052;0.05943;49428;16;1;1
546;16593;807;0.04882;45872;17;1;1
547;17292;1043;0.04517;66017;18;1;1
548;14096;1818;0.06656;78792;19;1;1
549;15264;2823;0.05963;131892;20;1;1
550;15075;2662;0.05163;140404;21;1;1
551;16651;1358;0.04298;86486;22;1;1
552;19483;198;0.03242;17384;0;1;2
553;14746;1853;0.05909;90837;1;1;2
554;16466;1690;0.0564;83019;2;1;2
555;17320;440;0.04116;29394;3;1;2
556;14712;1153;0.06232;51098;4;1;2
557;16530;544;0.05005;28891;5;1;2
558;16665;501;0.04514;29012;6;1;2
559;17516;342;0.03891;23309;7;1;2
560;16460;666;0.04594;38865;8;1;2
561;14680;3815;0.06835;159105;9;1;2
562;14658;1934;0.06662;81369;10;1;2
563;14974;2017;0.06967;82178;11;1;2
564;18641;660;0.0377;50896;12;1;2
565;16637;1533;0.05305;80505;13;1;2
566;13560;1643;0.06763;68760;14;1;2
567;14835;2018;0.06302;89822;15;1;2
568;15329;1080;0.0596;50278;16;1;2
569;16671;805;0.04836;46309;17;1;2
570;17401;1083;0.04667;66437;18;1;2
571;14128;1706;0.06143;79441;19;1;2
572;15356;2900;0.0609;133801;20;1;2
573;15953;2730;0.0523;142620;21;1;2
574;16814;1430;0.04514;87080;22;1;2
575;21011;184;0.03047;17294;0;1;3
576;15179;1868;0.05952;91364;1;1;3
577;16910;1783;0.05927;83827;2;1;3
578;18307;416;0.03864;29573;3;1;3
579;15143;1098;0.05843;51882;4;1;3
580;17087;525;0.04787;29012;5;1;3
581;17133;474;0.04204;29161;6;1;3
582;18304;322;0.0365;23588;7;1;3
583;16877;632;0.04343;39472;8;1;3
584;15034;3953;0.06951;163695;9;1;3
585;15075;1996;0.06871;82429;10;1;3
586;15331;2019;0.06908;83372;11;1;3
587;19132;652;0.03756;51316;12;1;3
588;17118;1522;0.05208;81785;13;1;3
589;13891;1721;0.06977;69467;14;1;3
590;15302;2068;0.06338;91997;15;1;3
591;15729;1077;0.05881;51316;16;1;3
592;17546;814;0.04856;46921;17;1;3
593;17810;1060;0.04578;66900;18;1;3
594;14403;1794;0.06404;80758;19;1;3
595;15691;2752;0.05792;134904;20;1;3
596;16389;2646;0.0504;144820;21;1;3
597;17380;1431;0.04518;87716;22;1;3
598;21160;160;0.0268;17285;0;1;4
599;15597;1820;0.05722;92170;1;1;4
600;17189;1642;0.05449;84208;2;1;4
601;18674;389;0.03579;30126;3;1;4
602;15437;1068;0.05668;52534;4;1;4
603;17686;461;0.04178;29369;5;1;4
604;17737;431;0.03772;30416;6;1;4
605;18679;284;0.03216;23597;7;1;4
606;17393;567;0.03919;39264;8;1;4
607;15220;3763;0.06535;167238;9;1;4
608;15313;1845;0.06391;82722;10;1;4
609;15485;1881;0.06411;84240;11;1;4
610;19809;615;0.03573;51356;12;1;4
611;17514;1513;0.05159;82829;13;1;4
612;14125;1706;0.0689;70235;14;1;4
613;15374;2042;0.06219;93817;15;1;4
614;15872;1069;0.05754;52480;16;1;4
615;17706;771;0.04572;47291;17;1;4
616;18192;911;0.03932;67389;18;1;4
617;14676;1703;0.06056;81288;19;1;4
618;16021;2666;0.05586;136625;20;1;4
619;16746;2462;0.04658;146892;21;1;4
620;17495;1395;0.04362;89078;22;1;4
621;21791;159;0.02721;17147;0;1;5
622;15832;1636;0.05139;93313;1;1;5
623;17742;1536;0.05121;83919;2;1;5
624;19340;400;0.03673;30189;3;1;5
625;15796;999;0.05283;52286;4;1;5
626;18211;458;0.0414;29463;5;1;5
627;18205;428;0.0371;29955;6;1;5
628;18842;274;0.03113;23613;7;1;5
629;17786;469;0.03211;39160;8;1;5
630;15370;3486;0.05998;169413;9;1;5
631;15597;1767;0.06022;82903;10;1;5
632;15933;1846;0.06265;85011;11;1;5
633;20356;566;0.03318;51304;12;1;5
634;17806;1424;0.04856;83246;13;1;5
635;14413;1584;0.06387;70228;14;1;5
636;15903;1836;0.05576;93877;15;1;5
637;16345;958;0.05175;52626;16;1;5
638;18107;704;0.04172;47333;17;1;5
639;18941;784;0.03404;67832;18;1;5
640;15086;1548;0.05486;81719;19;1;5
641;16473;2498;0.05204;137335;20;1;5
642;17092;2188;0.041;149083;21;1;5
643;18046;1337;0.04178;90291;22;1;5
644;23253;138;0.0242;16976;0;1;6
645;16286;1499;0.04715;93463;1;1;6
646;18171;1428;0.04785;83050;2;1;6
647;19557;379;0.03456;30262;3;1;6
648;16462;932;0.04893;52434;4;1;6
649;18572;446;0.04045;29430;5;1;6
650;18703;411;0.03535;30054;6;1;6
651;19155;254;0.02885;23703;7;1;6
652;18147;443;0.03015;39466;8;1;6
653;15777;3178;0.0542;171113;9;1;6
654;15932;1689;0.05574;85834;10;1;6
655;16209;1755;0.05873;85736;11;1;6
656;20709;555;0.03288;51127;12;1;6
657;18306;1362;0.04649;83751;13;1;6
658;14754;1503;0.06016;70291;14;1;6
659;16213;1717;0.05198;94193;15;1;6
660;16748;872;0.04728;52414;16;1;6
661;18763;666;0.03939;47478;17;1;6
662;19349;712;0.03106;67961;18;1;6
663;15427;1410;0.04981;81648;19;1;6
664;16789;2271;0.04707;138678;20;1;6
665;17636;1998;0.03705;150967;21;1;6
666;18542;1269;0.03958;91192;22;1;6
667;23665;153;0.0275;16623;0;1;7
668;17125;1627;0.05067;93822;1;1;7
669;18795;1511;0.05075;82979;2;1;7
670;20444;410;0.03738;30348;3;1;7
671;17027;949;0.04977;52288;4;1;7
672;19203;463;0.04228;29197;5;1;7
673;19874;454;0.03915;29878;6;1;7
674;20037;265;0.0302;23639;7;1;7
675;19150;433;0.02947;39167;8;1;7
676;16398;3412;0.05771;173227;9;1;7
677;16631;1855;0.05994;87966;10;1;7
678;16917;1861;0.06173;86950;11;1;7
679;21612;588;0.03518;50981;12;1;7
680;19000;1435;0.04909;83980;13;1;7
681;15327;1577;0.06266;70600;14;1;7
682;16947;1785;0.05361;94526;15;1;7
683;17410;909;0.04925;52253;16;1;7
684;19457;684;0.0405;47619;17;1;7
685;20106;737;0.03268;67837;18;1;7
686;16089;1586;0.05586;81986;19;1;7
687;17605;2370;0.04903;139498;20;1;7
688;18310;2143;0.03935;153148;21;1;7
689;19273;1415;0.04445;91623;22;1;7
690;24310;160;0.02928;16525;0;1;8
691;17136;1708;0.05254;94735;1;1;8
692;19009;1548;0.0516;83061;2;1;8
693;20038;416;0.03771;30331;3;1;8
694;16954;999;0.05216;52354;4;1;8
695;19145;474;0.04326;29323;5;1;8
696;19758;482;0.0415;30069;6;1;8
697;20061;288;0.03337;23435;7;1;8
698;19225;480;0.03256;39344;8;1;8
699;16298;3599;0.06042;174749;9;1;8
700;16630;1956;0.06238;89461;10;1;8
701;16884;1981;0.06526;87462;11;1;8
702;21695;601;0.0363;51015;12;1;8
703;18889;1455;0.0497;84090;13;1;8
704;15323;1589;0.06264;70830;14;1;8
705;16979;1770;0.05317;94816;15;1;8
706;17272;908;0.04925;52328;16;1;8
707;19574;679;0.04019;47693;17;1;8
708;19902;812;0.03609;67865;18;1;8
709;15993;1681;0.0589;82083;19;1;8
710;17613;2608;0.05348;140647;20;1;8
711;18591;2279;0.04122;155527;21;1;8
712;19273;1474;0.04615;92252;22;1;8
713;25605;144;0.02654;16385;0;1;9
714;17047;1889;0.05767;95302;1;1;9
715;18898;1656;0.05468;83955;2;1;9
716;19862;472;0.04249;30541;3;1;9
717;16928;1087;0.05658;52753;4;1;9
718;19168;508;0.04597;29308;5;1;9
719;19663;493;0.0422;30062;6;1;9
720;19829;305;0.03493;23379;7;1;9
721;19209;559;0.03788;39315;8;1;9
722;16197;4150;0.06886;176558;9;1;9
723;16792;2130;0.06732;90394;10;1;9
724;16720;2117;0.06912;88023;11;1;9
725;21671;648;0.03909;50966;12;1;9
726;18907;1583;0.05363;84566;13;1;9
727;15347;1758;0.06908;71491;14;1;9
728;16800;1967;0.05863;94951;15;1;9
729;17109;984;0.05301;52293;16;1;9
730;19339;711;0.04203;47575;17;1;9
731;19915;954;0.04228;68079;18;1;9
732;15951;1885;0.06561;82969;19;1;9
733;17706;2742;0.05541;142199;20;1;9
734;18790;2396;0.04237;158417;21;1;9
735;19423;1549;0.04803;93374;22;1;9
736;25496;146;0.02713;16290;0;1;10
737;17324;2025;0.0609;96582;1;1;10
738;19253;1753;0.05698;84574;2;1;10
739;20400;466;0.04155;30724;3;1;10
740;17102;1112;0.05775;52581;4;1;10
741;19359;525;0.04703;29388;5;1;10
742;20199;485;0.04158;30101;6;1;10
743;19791;298;0.03415;23560;7;1;10
744;19443;541;0.03649;39431;8;1;10
745;16389;4293;0.07042;178358;9;1;10
746;16980;2269;0.0713;91223;10;1;10
747;16925;2141;0.06939;88515;11;1;10
748;22273;710;0.04295;50650;12;1;10
749;19207;1661;0.0561;84973;13;1;10
750;15507;1849;0.07138;71651;14;1;10
751;17009;2023;0.05986;95704;15;1;10
752;17177;1027;0.05495;52647;16;1;10
753;19817;736;0.04304;47632;17;1;10
754;20145;975;0.04314;68460;18;1;10
755;16220;2003;0.0693;83351;19;1;10
756;18030;2799;0.05605;144263;20;1;10
757;19164;2586;0.04461;161957;21;1;10
758;19839;1570;0.04877;94469;22;1;10
759;25177;128;0.02417;16268;0;1;11
760;17527;2214;0.06495;96866;1;1;11
761;19432;1758;0.05642;85508;2;1;11
762;20151;491;0.04332;30989;3;1;11
763;17186;1213;0.06234;53071;4;1;11
764;19241;585;0.05104;30117;5;1;11
765;20245;519;0.04389;30309;6;1;11
766;19986;334;0.03752;23930;7;1;11
767;19491;607;0.04028;39968;8;1;11
768;16534;4549;0.07346;182595;9;1;11
769;17123;2517;0.07883;92274;10;1;11
770;17009;2261;0.07217;89616;11;1;11
771;22140;730;0.04405;50831;12;1;11
772;19501;1789;0.05952;86248;13;1;11
773;15666;1956;0.07372;73527;14;1;11
774;17247;2232;0.0647;97565;15;1;11
775;17348;1133;0.05958;53489;16;1;11
776;19960;778;0.04499;48162;17;1;11
777;20328;1055;0.04635;68892;18;1;11
778;16342;2134;0.07311;83977;19;1;11
779;18412;3233;0.064;146516;20;1;11
780;19290;2956;0.05009;165265;21;1;11
781;20171;1626;0.05049;95263;22;1;11
782;24797;150;0.02834;16131;0;1;12
783;17848;2604;0.07394;99597;1;1;12
784;19937;1960;0.06198;86454;2;1;12
785;20148;556;0.04849;31452;3;1;12
786;17454;1394;0.07081;53610;4;1;12
787;19731;668;0.05764;30613;5;1;12
788;20777;589;0.04911;30792;6;1;12
789;20323;376;0.04175;24279;7;1;12
790;19812;676;0.0444;40528;8;1;12
791;16657;5442;0.08651;186450;9;1;12
792;17327;2768;0.08562;93440;10;1;12
793;17233;2633;0.08295;90874;11;1;12
794;22037;848;0.05035;51275;12;1;12
795;19744;2096;0.0687;87597;13;1;12
796;15722;2238;0.0826;74791;14;1;12
797;17253;2533;0.07219;99094;15;1;12
798;17517;1301;0.06739;54422;16;1;12
799;20197;872;0.04995;48365;17;1;12
800;20564;1223;0.0536;69242;18;1;12
801;16531;2576;0.0877;84305;19;1;12
802;18626;3869;0.07563;148947;20;1;12
803;19593;3517;0.05852;168394;21;1;12
804;20302;1823;0.05664;96094;22;1;12
805;23834;156;0.02929;16339;0;1;13
806;18340;2911;0.08167;101702;1;1;13
807;20329;2108;0.06606;88125;2;1;13
808;20537;735;0.0633;31691;3;1;13
809;17643;1665;0.08354;54246;4;1;13
810;19534;782;0.06661;31000;5;1;13
811;20689;673;0.0552;31291;6;1;13
812;20754;416;0.04599;24518;7;1;13
813;19858;779;0.05046;40882;8;1;13
814;16752;6720;0.10478;189713;9;1;13
815;17560;3272;0.0991;95198;10;1;13
816;17338;3084;0.09581;92229;11;1;13
817;22612;992;0.05806;52115;12;1;13
818;19852;2340;0.07586;89303;13;1;13
819;15795;2693;0.09786;76320;14;1;13
820;17493;3032;0.08537;100738;15;1;13
821;17836;1522;0.07761;55628;16;1;13
822;20539;1037;0.05857;49178;17;1;13
823;20703;1474;0.06381;69999;18;1;13
824;16725;3012;0.10188;85525;19;1;13
825;18878;4597;0.08774;151844;20;1;13
826;19790;4316;0.06907;172978;21;1;13
827;20657;2129;0.06575;96775;22;1;13
828;25284;164;0.03054;16411;0;1;14
829;19093;2986;0.08221;103225;1;1;14
830;21230;2191;0.0679;89806;2;1;14
831;21249;766;0.06484;32751;3;1;14
832;18422;1745;0.08662;54938;4;1;14
833;20390;809;0.06816;31620;5;1;14
834;21484;683;0.05549;32020;6;1;14
835;21315;419;0.04554;25054;7;1;14
836;20819;820;0.05185;43095;8;1;14
837;17442;7208;0.1103;194746;9;1;14
838;18174;3503;0.10371;97342;10;1;14
839;18197;3294;0.10059;94170;11;1;14
840;23846;1042;0.06012;53813;12;1;14
841;20744;2429;0.07751;91596;13;1;14
842;16565;2704;0.09703;78349;14;1;14
843;18357;3099;0.08567;102605;15;1;14
844;18823;1554;0.07829;56329;16;1;14
845;21703;1059;0.05853;50283;17;1;14
846;21515;1509;0.06399;71609;18;1;14
847;17318;3092;0.10367;85815;19;1;14
848;19853;4791;0.08938;155986;20;1;14
849;20960;4657;0.07244;180272;21;1;14
850;21612;2329;0.07048;98391;22;1;14
851;25836;193;0.03605;16465;0;1;15
852;19507;3715;0.1016;105003;1;1;15
853;21536;2651;0.08171;90183;2;1;15
854;21863;894;0.07531;33035;3;1;15
855;18788;2076;0.10254;55356;4;1;15
856;20951;966;0.08072;31865;5;1;15
857;21812;800;0.06506;32197;6;1;15
858;21325;497;0.05368;25528;7;1;15
859;21263;1000;0.06246;42709;8;1;15
860;17481;8850;0.13375;198083;9;1;15
861;18365;4565;0.13192;100137;10;1;15
862;18502;4096;0.12295;95955;11;1;15
863;23979;1211;0.06983;54171;12;1;15
864;21066;2851;0.09047;92337;13;1;15
865;16884;3301;0.11826;78999;14;1;15
866;18505;3865;0.10649;104323;15;1;15
867;19047;1928;0.09637;57180;16;1;15
868;22026;1357;0.07378;51128;17;1;15
869;21886;1842;0.07719;72107;18;1;15
870;17544;3910;0.1302;86868;19;1;15
871;19923;6141;0.11228;158712;20;1;15
872;21140;5933;0.09082;184188;21;1;15
873;21658;2962;0.08755;101053;22;1;15
874;26266;182;0.03421;16450;0;1;16
875;19975;3653;0.09956;105574;1;1;16
876;21614;2559;0.07838;90712;2;1;16
877;22219;831;0.06985;33319;3;1;16
878;18972;1969;0.09723;55640;4;1;16
879;21223;911;0.0765;32069;5;1;16
880;22355;781;0.06339;32467;6;1;16
881;22088;493;0.05335;25662;7;1;16
882;22029;921;0.05793;42547;8;1;16
883;17864;8622;0.12814;201882;9;1;16
884;19220;4483;0.12926;101420;10;1;16
885;18823;4088;0.12161;97624;11;1;16
886;24497;1151;0.06654;54265;12;1;16
887;21325;2724;0.08634;92752;13;1;16
888;17471;3158;0.11435;79029;14;1;16
889;19662;3662;0.10132;104627;15;1;16
890;20035;1852;0.0924;57546;16;1;16
891;23040;1313;0.07074;51647;17;1;16
892;22768;1794;0.07472;72650;18;1;16
893;17515;3739;0.1249;87239;19;1;16
894;20686;5930;0.1064;162779;20;1;16
895;21932;5810;0.08756;187007;21;1;16
896;22350;2982;0.08566;103869;22;1;16
897;26971;179;0.03433;16306;0;1;17
898;21029;3579;0.0975;104946;1;1;17
899;22908;2537;0.07736;91745;2;1;17
900;23071;791;0.06674;33263;3;1;17
901;19923;1915;0.09493;55407;4;1;17
902;22143;871;0.0737;31864;5;1;17
903;22837;711;0.05815;32288;6;1;17
904;22750;448;0.04972;25466;7;1;17
905;22567;842;0.05297;41958;8;1;17
906;18431;8433;0.12407;204142;9;1;17
907;19330;4429;0.12528;103008;10;1;17
908;19529;4026;0.12062;97634;11;1;17
909;25415;1144;0.06619;53778;12;1;17
910;22331;2615;0.08276;92990;13;1;17
911;18045;3108;0.11402;77621;14;1;17
912;19699;3503;0.09798;103785;15;1;17
913;20134;1795;0.09014;57292;16;1;17
914;23409;1222;0.06603;51587;17;1;17
915;23059;1759;0.07233;72947;18;1;17
916;18545;3774;0.12665;86502;19;1;17
917;20853;5880;0.1041;165673;20;1;17
918;22112;5756;0.0851;191008;21;1;17
919;22440;3083;0.08571;106281;22;1;17
920;29229;232;0.04571;16047;0;1;18
921;22094;4272;0.11586;105848;1;1;18
922;23833;3114;0.09406;91680;2;1;18
923;24130;992;0.08377;33212;3;1;18
924;20824;2427;0.12117;55123;4;1;18
925;23052;1089;0.09262;31651;5;1;18
926;24162;888;0.07363;31961;6;1;18
927;24296;537;0.0611;25021;7;1;18
928;23829;1051;0.06612;41884;8;1;18
929;19252;10520;0.15239;207193;9;1;18
930;20083;5370;0.15083;104434;10;1;18
931;20403;4816;0.14454;97078;11;1;18
932;26431;1429;0.08261;54040;12;1;18
933;23334;3352;0.10624;93634;13;1;18
934;19055;3718;0.13783;76813;14;1;18
935;20653;4381;0.12354;103117;15;1;18
936;21400;2220;0.11201;57027;16;1;18
937;24154;1471;0.07982;51497;17;1;18
938;24257;2150;0.08783;73901;18;1;18
939;19531;4443;0.15041;86368;19;1;18
940;21693;7411;0.1282;167968;20;1;18
941;23100;7085;0.10236;195230;21;1;18
942;23451;3811;0.10354;110464;22;1;18
943;29954;208;0.04135;15867;0;1;19
944;22718;3819;0.10435;105237;1;1;19
945;24373;2851;0.08458;93248;2;1;19
946;24439;863;0.07338;33075;3;1;19
947;21315;2126;0.10816;54373;4;1;19
948;23709;914;0.07914;31336;5;1;19
949;24825;744;0.06277;31683;6;1;19
950;25734;477;0.05526;24365;7;1;19
951;24612;887;0.0564;41812;8;1;19
952;19785;9987;0.143;210573;9;1;19
953;20386;5152;0.14343;105022;10;1;19
954;20687;4581;0.1368;96998;11;1;19
955;26662;1275;0.07427;53903;12;1;19
956;23952;3077;0.09804;93366;13;1;19
957;19804;3312;0.12384;76137;14;1;19
958;21147;4015;0.11475;102480;15;1;19
959;21949;1982;0.10143;56488;16;1;19
960;25019;1315;0.07171;51327;17;1;19
961;25235;1941;0.07927;73861;18;1;19
962;19916;4034;0.13924;85264;19;1;19
963;21926;7255;0.12159;173916;20;1;19
964;23454;6750;0.09588;198806;21;1;19
965;23748;3772;0.10067;111812;22;1;19
966;;170;0.03209;15700;0;1;20
967;;3150;0.08392;104688;1;1;20
968;;2368;0.06814;93744;2;1;20
969;;698;0.05872;33007;3;1;20
970;;1751;0.08848;53731;4;1;20
971;;743;0.06329;30958;5;1;20
972;;574;0.04838;31326;6;1;20
973;;387;0.04382;24189;7;1;20
974;;727;0.04585;41382;8;1;20
975;;8694;0.12221;212255;9;1;20
976;;4543;0.12366;106078;10;1;20
977;;4008;0.11745;97909;11;1;20
978;;1077;0.06066;53959;12;1;20
979;;2613;0.0819;92989;13;1;20
980;;2833;0.10617;75635;14;1;20
981;;3344;0.09561;101638;15;1;20
982;;1644;0.08395;56014;16;1;20
983;;1061;0.05701;50865;17;1;20
984;;1664;0.06634;73873;18;1;20
985;;3404;0.11717;84471;19;1;20
986;;6408;0.10403;178185;20;1;20
987;;5697;0.07766;203823;21;1;20
988;;3302;0.08532;115174;22;1;20
989;;180;0.03269;16620;0;1;21
990;;3107;0.08033;108269;1;1;21
991;;2391;0.06731;96756;2;1;21
992;;700;0.05885;33633;3;1;21
993;;1697;0.08562;55018;4;1;21
994;;722;0.06169;31423;5;1;21
995;;582;0.0492;31581;6;1;21
996;;395;0.04487;24674;7;1;21
997;;768;0.04828;42206;8;1;21
998;;8594;0.11934;218415;9;1;21
999;;4523;0.12112;109038;10;1;21
1000;;4045;0.11612;100281;11;1;21
1001;;1122;0.06253;55568;12;1;21
1002;;2657;0.08074;96828;13;1;21
1003;;2925;0.10949;76109;14;1;21
1004;;3337;0.09491;102444;15;1;21
1005;;1563;0.07998;56033;16;1;21
1006;;1001;0.05372;51559;17;1;21
1007;;1621;0.06404;75517;18;1;21
1008;;3394;0.11503;85690;19;1;21
1009;;6503;0.10366;183895;20;1;21
1010;;5993;0.07859;212658;21;1;21
1011;;3399;0.0861;117882;22;1;21
