Arbeitslos gemeldete Personen im Alter 15-64 Jahre nach Geschlecht (absolut und pro 1.000 EinwohnerInnen) im Jahresdurchschnitt seit 2002 - Bezirke Wien | Annual average of unemployed persons aged 15-64 by sex (absolute and per 1.000 inhabitants) since 2002 - districts of Vienna;;;;;;;;;
NUTS;DISTRICT_CODE;SUB_DISTRICT_CODE;REF_YEAR;REF_DATE;SEX;UEP_VALUE;UEP_DENSITY;;
AT13;90000;90000;2002;2002;0; 74.894 ; 67,83 ;;
AT13;90100;90100;2002;2002;0; 433 ; 35,32 ;;
AT13;90200;90200;2002;2002;0; 4.784 ; 76,98 ;;
AT13;90300;90300;2002;2002;0; 3.957 ; 68,25 ;;
AT13;90400;90400;2002;2002;0; 1.140 ; 55,68 ;;
AT13;90500;90500;2002;2002;0; 2.881 ; 80,15 ;;
AT13;90600;90600;2002;2002;0; 1.398 ; 65,40 ;;
AT13;90700;90700;2002;2002;0; 1.232 ; 56,86 ;;
AT13;90800;90800;2002;2002;0; 892 ; 53,26 ;;
AT13;90900;90900;2002;2002;0; 1.473 ; 53,00 ;;
AT13;91000;91000;2002;2002;0; 8.593 ; 80,50 ;;
AT13;91100;91100;2002;2002;0; 4.265 ; 75,63 ;;
AT13;91200;91200;2002;2002;0; 4.283 ; 78,08 ;;
AT13;91300;91300;2002;2002;0; 1.273 ; 39,28 ;;
AT13;91400;91400;2002;2002;0; 3.299 ; 60,01 ;;
AT13;91500;91500;2002;2002;0; 3.888 ; 80,06 ;;
AT13;91600;91600;2002;2002;0; 4.996 ; 80,19 ;;
AT13;91700;91700;2002;2002;0; 2.513 ; 72,98 ;;
AT13;91800;91800;2002;2002;0; 1.739 ; 55,90 ;;
AT13;91900;91900;2002;2002;0; 2.169 ; 50,33 ;;
AT13;92000;92000;2002;2002;0; 4.566 ; 83,55 ;;
AT13;92100;92100;2002;2002;0; 6.460 ; 71,57 ;;
AT13;92200;92200;2002;2002;0; 5.663 ; 57,79 ;;
AT13;92300;92300;2002;2002;0; 2.999 ; 50,07 ;;
AT13;90000;90000;2003;2003;0; 79.872 ; 71,19 ;;
AT13;90100;90100;2003;2003;0; 451 ; 36,82 ;;
AT13;90200;90200;2003;2003;0; 5.073 ; 80,32 ;;
AT13;90300;90300;2003;2003;0; 4.216 ; 72,04 ;;
AT13;90400;90400;2003;2003;0; 1.163 ; 55,93 ;;
AT13;90500;90500;2003;2003;0; 3.031 ; 82,53 ;;
AT13;90600;90600;2003;2003;0; 1.479 ; 68,53 ;;
AT13;90700;90700;2003;2003;0; 1.262 ; 57,75 ;;
AT13;90800;90800;2003;2003;0; 947 ; 54,33 ;;
AT13;90900;90900;2003;2003;0; 1.593 ; 56,46 ;;
AT13;91000;91000;2003;2003;0; 9.145 ; 83,83 ;;
AT13;91100;91100;2003;2003;0; 4.481 ; 78,31 ;;
AT13;91200;91200;2003;2003;0; 4.659 ; 82,88 ;;
AT13;91300;91300;2003;2003;0; 1.367 ; 41,74 ;;
AT13;91400;91400;2003;2003;0; 3.506 ; 62,93 ;;
AT13;91500;91500;2003;2003;0; 4.079 ; 82,83 ;;
AT13;91600;91600;2003;2003;0; 5.451 ; 86,30 ;;
AT13;91700;91700;2003;2003;0; 2.753 ; 78,00 ;;
AT13;91800;91800;2003;2003;0; 1.898 ; 60,07 ;;
AT13;91900;91900;2003;2003;0; 2.446 ; 56,29 ;;
AT13;92000;92000;2003;2003;0; 4.967 ; 88,95 ;;
AT13;92100;92100;2003;2003;0; 6.753 ; 73,42 ;;
AT13;92200;92200;2003;2003;0; 5.917 ; 59,46 ;;
AT13;92300;92300;2003;2003;0; 3.236 ; 53,57 ;;
AT13;90000;90000;2004;2004;0; 82.025 ; 72,30 ;;
AT13;90100;90100;2004;2004;0; 443 ; 36,59 ;;
AT13;90200;90200;2004;2004;0; 4.782 ; 75,07 ;;
AT13;90300;90300;2004;2004;0; 4.329 ; 72,90 ;;
AT13;90400;90400;2004;2004;0; 1.103 ; 52,64 ;;
AT13;90500;90500;2004;2004;0; 2.960 ; 79,19 ;;
AT13;90600;90600;2004;2004;0; 1.501 ; 69,17 ;;
AT13;90700;90700;2004;2004;0; 1.223 ; 55,96 ;;
AT13;90800;90800;2004;2004;0; 874 ; 49,60 ;;
AT13;90900;90900;2004;2004;0; 1.675 ; 58,11 ;;
AT13;91000;91000;2004;2004;0; 9.871 ; 88,69 ;;
AT13;91100;91100;2004;2004;0; 4.616 ; 80,23 ;;
AT13;91200;91200;2004;2004;0; 5.027 ; 87,81 ;;
AT13;91300;91300;2004;2004;0; 1.490 ; 45,41 ;;
AT13;91400;91400;2004;2004;0; 3.763 ; 66,97 ;;
AT13;91500;91500;2004;2004;0; 4.442 ; 89,26 ;;
AT13;91600;91600;2004;2004;0; 5.567 ; 86,74 ;;
AT13;91700;91700;2004;2004;0; 2.869 ; 79,33 ;;
AT13;91800;91800;2004;2004;0; 1.968 ; 61,68 ;;
AT13;91900;91900;2004;2004;0; 2.502 ; 57,44 ;;
AT13;92000;92000;2004;2004;0; 4.633 ; 81,97 ;;
AT13;92100;92100;2004;2004;0; 6.977 ; 75,29 ;;
AT13;92200;92200;2004;2004;0; 6.044 ; 60,02 ;;
AT13;92300;92300;2004;2004;0; 3.360 ; 55,56 ;;
AT13;90000;90000;2005;2005;0; 81.436 ; 71,20 ;;
AT13;90100;90100;2005;2005;0; 423 ; 35,13 ;;
AT13;90200;90200;2005;2005;0; 4.812 ; 75,36 ;;
AT13;90300;90300;2005;2005;0; 4.402 ; 73,76 ;;
AT13;90400;90400;2005;2005;0; 1.037 ; 48,94 ;;
AT13;90500;90500;2005;2005;0; 2.849 ; 74,88 ;;
AT13;90600;90600;2005;2005;0; 1.473 ; 67,16 ;;
AT13;90700;90700;2005;2005;0; 1.160 ; 51,79 ;;
AT13;90800;90800;2005;2005;0; 775 ; 43,99 ;;
AT13;90900;90900;2005;2005;0; 1.592 ; 55,09 ;;
AT13;91000;91000;2005;2005;0; 10.012 ; 88,07 ;;
AT13;91100;91100;2005;2005;0; 4.692 ; 81,46 ;;
AT13;91200;91200;2005;2005;0; 5.012 ; 86,56 ;;
AT13;91300;91300;2005;2005;0; 1.466 ; 45,03 ;;
AT13;91400;91400;2005;2005;0; 3.719 ; 65,61 ;;
AT13;91500;91500;2005;2005;0; 4.579 ; 90,71 ;;
AT13;91600;91600;2005;2005;0; 5.581 ; 85,09 ;;
AT13;91700;91700;2005;2005;0; 2.894 ; 78,66 ;;
AT13;91800;91800;2005;2005;0; 1.939 ; 60,35 ;;
AT13;91900;91900;2005;2005;0; 2.394 ; 55,00 ;;
AT13;92000;92000;2005;2005;0; 4.757 ; 83,54 ;;
AT13;92100;92100;2005;2005;0; 6.600 ; 71,25 ;;
AT13;92200;92200;2005;2005;0; 6.000 ; 59,25 ;;
AT13;92300;92300;2005;2005;0; 3.259 ; 53,96 ;;
AT13;90000;90000;2006;2006;0; 78.088 ; 67,93 ;;
AT13;90100;90100;2006;2006;0; 362 ; 30,20 ;;
AT13;90200;90200;2006;2006;0; 4.734 ; 72,73 ;;
AT13;90300;90300;2006;2006;0; 4.056 ; 68,16 ;;
AT13;90400;90400;2006;2006;0; 967 ; 45,31 ;;
AT13;90500;90500;2006;2006;0; 2.722 ; 71,26 ;;
AT13;90600;90600;2006;2006;0; 1.384 ; 62,68 ;;
AT13;90700;90700;2006;2006;0; 1.079 ; 47,91 ;;
AT13;90800;90800;2006;2006;0; 724 ; 40,95 ;;
AT13;90900;90900;2006;2006;0; 1.400 ; 48,62 ;;
AT13;91000;91000;2006;2006;0; 9.556 ; 82,93 ;;
AT13;91100;91100;2006;2006;0; 4.390 ; 76,62 ;;
AT13;91200;91200;2006;2006;0; 4.781 ; 82,35 ;;
AT13;91300;91300;2006;2006;0; 1.401 ; 43,33 ;;
AT13;91400;91400;2006;2006;0; 3.732 ; 65,60 ;;
AT13;91500;91500;2006;2006;0; 4.528 ; 89,35 ;;
AT13;91600;91600;2006;2006;0; 5.530 ; 83,73 ;;
AT13;91700;91700;2006;2006;0; 2.868 ; 77,15 ;;
AT13;91800;91800;2006;2006;0; 1.875 ; 58,13 ;;
AT13;91900;91900;2006;2006;0; 2.122 ; 48,58 ;;
AT13;92000;92000;2006;2006;0; 4.589 ; 80,66 ;;
AT13;92100;92100;2006;2006;0; 6.564 ; 70,52 ;;
AT13;92200;92200;2006;2006;0; 5.572 ; 54,67 ;;
AT13;92300;92300;2006;2006;0; 3.154 ; 51,85 ;;
AT13;90000;90000;2007;2007;0; 72.263 ; 62,74 ;;
AT13;90100;90100;2007;2007;0; 346 ; 29,55 ;;
AT13;90200;90200;2007;2007;0; 4.300 ; 66,02 ;;
AT13;90300;90300;2007;2007;0; 3.761 ; 63,89 ;;
AT13;90400;90400;2007;2007;0; 933 ; 43,92 ;;
AT13;90500;90500;2007;2007;0; 2.572 ; 67,31 ;;
AT13;90600;90600;2007;2007;0; 1.309 ; 59,25 ;;
AT13;90700;90700;2007;2007;0; 1.010 ; 44,89 ;;
AT13;90800;90800;2007;2007;0; 708 ; 40,15 ;;
AT13;90900;90900;2007;2007;0; 1.203 ; 41,64 ;;
AT13;91000;91000;2007;2007;0; 8.842 ; 76,13 ;;
AT13;91100;91100;2007;2007;0; 4.234 ; 72,60 ;;
AT13;91200;91200;2007;2007;0; 4.633 ; 79,28 ;;
AT13;91300;91300;2007;2007;0; 1.291 ; 40,43 ;;
AT13;91400;91400;2007;2007;0; 3.520 ; 61,63 ;;
AT13;91500;91500;2007;2007;0; 4.204 ; 82,92 ;;
AT13;91600;91600;2007;2007;0; 5.051 ; 76,45 ;;
AT13;91700;91700;2007;2007;0; 2.610 ; 70,59 ;;
AT13;91800;91800;2007;2007;0; 1.708 ; 53,00 ;;
AT13;91900;91900;2007;2007;0; 1.859 ; 42,78 ;;
AT13;92000;92000;2007;2007;0; 4.125 ; 72,41 ;;
AT13;92100;92100;2007;2007;0; 6.129 ; 65,49 ;;
AT13;92200;92200;2007;2007;0; 4.910 ; 47,75 ;;
AT13;92300;92300;2007;2007;0; 3.007 ; 49,41 ;;
AT13;90000;90000;2008;2008;0; 66.487 ; 57,50 ;;
AT13;90100;90100;2008;2008;0; 302 ; 26,48 ;;
AT13;90200;90200;2008;2008;0; 3.934 ; 60,35 ;;
AT13;90300;90300;2008;2008;0; 3.435 ; 58,78 ;;
AT13;90400;90400;2008;2008;0; 877 ; 40,98 ;;
AT13;90500;90500;2008;2008;0; 2.392 ; 62,34 ;;
AT13;90600;90600;2008;2008;0; 1.246 ; 56,76 ;;
AT13;90700;90700;2008;2008;0; 911 ; 40,43 ;;
AT13;90800;90800;2008;2008;0; 624 ; 35,38 ;;
AT13;90900;90900;2008;2008;0; 1.097 ; 37,90 ;;
AT13;91000;91000;2008;2008;0; 8.018 ; 68,52 ;;
AT13;91100;91100;2008;2008;0; 4.005 ; 66,52 ;;
AT13;91200;91200;2008;2008;0; 4.337 ; 73,08 ;;
AT13;91300;91300;2008;2008;0; 1.236 ; 39,10 ;;
AT13;91400;91400;2008;2008;0; 3.323 ; 58,13 ;;
AT13;91500;91500;2008;2008;0; 3.913 ; 76,93 ;;
AT13;91600;91600;2008;2008;0; 4.608 ; 69,67 ;;
AT13;91700;91700;2008;2008;0; 2.334 ; 63,47 ;;
AT13;91800;91800;2008;2008;0; 1.594 ; 49,42 ;;
AT13;91900;91900;2008;2008;0; 1.690 ; 39,07 ;;
AT13;92000;92000;2008;2008;0; 3.777 ; 66,23 ;;
AT13;92100;92100;2008;2008;0; 5.568 ; 59,22 ;;
AT13;92200;92200;2008;2008;0; 4.422 ; 42,51 ;;
AT13;92300;92300;2008;2008;0; 2.846 ; 46,76 ;;
AT13;90000;90000;2009;2009;0; 73.051 ; 63,01 ;;
AT13;90100;90100;2009;2009;0; 332 ; 30,01 ;;
AT13;90200;90200;2009;2009;0; 4.432 ; 67,34 ;;
AT13;90300;90300;2009;2009;0; 3.748 ; 64,37 ;;
AT13;90400;90400;2009;2009;0; 963 ; 44,98 ;;
AT13;90500;90500;2009;2009;0; 2.556 ; 66,66 ;;
AT13;90600;90600;2009;2009;0; 1.306 ; 59,97 ;;
AT13;90700;90700;2009;2009;0; 1.029 ; 45,75 ;;
AT13;90800;90800;2009;2009;0; 677 ; 38,49 ;;
AT13;90900;90900;2009;2009;0; 1.157 ; 40,06 ;;
AT13;91000;91000;2009;2009;0; 8.918 ; 75,66 ;;
AT13;91100;91100;2009;2009;0; 4.501 ; 73,32 ;;
AT13;91200;91200;2009;2009;0; 4.753 ; 79,40 ;;
AT13;91300;91300;2009;2009;0; 1.363 ; 43,38 ;;
AT13;91400;91400;2009;2009;0; 3.606 ; 63,28 ;;
AT13;91500;91500;2009;2009;0; 4.197 ; 82,14 ;;
AT13;91600;91600;2009;2009;0; 4.959 ; 74,56 ;;
AT13;91700;91700;2009;2009;0; 2.563 ; 69,77 ;;
AT13;91800;91800;2009;2009;0; 1.698 ; 52,63 ;;
AT13;91900;91900;2009;2009;0; 1.837 ; 42,93 ;;
AT13;92000;92000;2009;2009;0; 4.215 ; 73,80 ;;
AT13;92100;92100;2009;2009;0; 6.022 ; 63,95 ;;
AT13;92200;92200;2009;2009;0; 4.999 ; 47,54 ;;
AT13;92300;92300;2009;2009;0; 3.223 ; 53,24 ;;
AT13;90000;90000;2010;2010;0; 74.179 ; 63,66 ;;
AT13;90100;90100;2010;2010;0; 348 ; 32,10 ;;
AT13;90200;90200;2010;2010;0; 4.562 ; 68,87 ;;
AT13;90300;90300;2010;2010;0; 3.785 ; 64,60 ;;
AT13;90400;90400;2010;2010;0; 995 ; 46,29 ;;
AT13;90500;90500;2010;2010;0; 2.579 ; 66,86 ;;
AT13;90600;90600;2010;2010;0; 1.317 ; 60,41 ;;
AT13;90700;90700;2010;2010;0; 1.054 ; 46,71 ;;
AT13;90800;90800;2010;2010;0; 686 ; 39,79 ;;
AT13;90900;90900;2010;2010;0; 1.184 ; 40,87 ;;
AT13;91000;91000;2010;2010;0; 9.204 ; 77,49 ;;
AT13;91100;91100;2010;2010;0; 4.594 ; 74,01 ;;
AT13;91200;91200;2010;2010;0; 4.857 ; 80,66 ;;
AT13;91300;91300;2010;2010;0; 1.360 ; 43,52 ;;
AT13;91400;91400;2010;2010;0; 3.570 ; 62,58 ;;
AT13;91500;91500;2010;2010;0; 4.157 ; 80,67 ;;
AT13;91600;91600;2010;2010;0; 4.778 ; 71,78 ;;
AT13;91700;91700;2010;2010;0; 2.444 ; 66,80 ;;
AT13;91800;91800;2010;2010;0; 1.639 ; 50,95 ;;
AT13;91900;91900;2010;2010;0; 1.940 ; 45,31 ;;
AT13;92000;92000;2010;2010;0; 4.329 ; 75,42 ;;
AT13;92100;92100;2010;2010;0; 6.370 ; 67,06 ;;
AT13;92200;92200;2010;2010;0; 5.112 ; 47,89 ;;
AT13;92300;92300;2010;2010;0; 3.317 ; 54,58 ;;
AT13;90000;90000;2011;2011;0; 79.152 ; 67,33 ;;
AT13;90100;90100;2011;2011;0; 317 ; 29,47 ;;
AT13;90200;90200;2011;2011;0; 5.013 ; 75,21 ;;
AT13;90300;90300;2011;2011;0; 3.900 ; 65,97 ;;
AT13;90400;90400;2011;2011;0; 1.086 ; 50,14 ;;
AT13;90500;90500;2011;2011;0; 2.737 ; 70,69 ;;
AT13;90600;90600;2011;2011;0; 1.339 ; 61,48 ;;
AT13;90700;90700;2011;2011;0; 1.045 ; 46,23 ;;
AT13;90800;90800;2011;2011;0; 711 ; 40,93 ;;
AT13;90900;90900;2011;2011;0; 1.323 ; 45,79 ;;
AT13;91000;91000;2011;2011;0; 10.163 ; 84,52 ;;
AT13;91100;91100;2011;2011;0; 4.839 ; 77,15 ;;
AT13;91200;91200;2011;2011;0; 5.091 ; 83,89 ;;
AT13;91300;91300;2011;2011;0; 1.444 ; 46,21 ;;
AT13;91400;91400;2011;2011;0; 3.819 ; 66,59 ;;
AT13;91500;91500;2011;2011;0; 4.489 ; 86,69 ;;
AT13;91600;91600;2011;2011;0; 5.164 ; 76,94 ;;
AT13;91700;91700;2011;2011;0; 2.608 ; 71,06 ;;
AT13;91800;91800;2011;2011;0; 1.698 ; 52,83 ;;
AT13;91900;91900;2011;2011;0; 2.198 ; 51,04 ;;
AT13;92000;92000;2011;2011;0; 4.732 ; 81,74 ;;
AT13;92100;92100;2011;2011;0; 6.575 ; 68,16 ;;
AT13;92200;92200;2011;2011;0; 5.383 ; 49,27 ;;
AT13;92300;92300;2011;2011;0; 3.478 ; 56,60 ;;
AT13;90000;90000;2012;2012;0; 83.016 ; 69,92 ;;
AT13;90100;90100;2012;2012;0; 330 ; 31,16 ;;
AT13;90200;90200;2012;2012;0; 5.358 ; 79,77 ;;
AT13;90300;90300;2012;2012;0; 4.102 ; 68,49 ;;
AT13;90400;90400;2012;2012;0; 1.084 ; 49,73 ;;
AT13;90500;90500;2012;2012;0; 2.796 ; 72,20 ;;
AT13;90600;90600;2012;2012;0; 1.378 ; 62,53 ;;
AT13;90700;90700;2012;2012;0; 1.060 ; 46,79 ;;
AT13;90800;90800;2012;2012;0; 705 ; 40,29 ;;
AT13;90900;90900;2012;2012;0; 1.318 ; 45,23 ;;
AT13;91000;91000;2012;2012;0; 10.776 ; 87,94 ;;
AT13;91100;91100;2012;2012;0; 5.215 ; 82,56 ;;
AT13;91200;91200;2012;2012;0; 5.232 ; 85,64 ;;
AT13;91300;91300;2012;2012;0; 1.627 ; 52,05 ;;
AT13;91400;91400;2012;2012;0; 3.976 ; 69,05 ;;
AT13;91500;91500;2012;2012;0; 4.762 ; 90,17 ;;
AT13;91600;91600;2012;2012;0; 5.331 ; 78,44 ;;
AT13;91700;91700;2012;2012;0; 2.698 ; 72,90 ;;
AT13;91800;91800;2012;2012;0; 1.725 ; 53,24 ;;
AT13;91900;91900;2012;2012;0; 2.289 ; 53,01 ;;
AT13;92000;92000;2012;2012;0; 5.084 ; 87,50 ;;
AT13;92100;92100;2012;2012;0; 6.805 ; 69,72 ;;
AT13;92200;92200;2012;2012;0; 5.841 ; 52,29 ;;
AT13;92300;92300;2012;2012;0; 3.525 ; 57,35 ;;
AT13;90000;90000;2013;2013;0; 90.229 ; 74,87 ;;
AT13;90100;90100;2013;2013;0; 311 ; 29,79 ;;
AT13;90200;90200;2013;2013;0; 5.807 ; 84,99 ;;
AT13;90300;90300;2013;2013;0; 4.155 ; 68,66 ;;
AT13;90400;90400;2013;2013;0; 1.138 ; 51,73 ;;
AT13;90500;90500;2013;2013;0; 3.039 ; 77,32 ;;
AT13;90600;90600;2013;2013;0; 1.511 ; 66,56 ;;
AT13;90700;90700;2013;2013;0; 1.131 ; 49,12 ;;
AT13;90800;90800;2013;2013;0; 796 ; 44,52 ;;
AT13;90900;90900;2013;2013;0; 1.466 ; 49,54 ;;
AT13;91000;91000;2013;2013;0; 11.628 ; 92,71 ;;
AT13;91100;91100;2013;2013;0; 5.790 ; 91,19 ;;
AT13;91200;91200;2013;2013;0; 5.617 ; 90,50 ;;
AT13;91300;91300;2013;2013;0; 1.695 ; 53,88 ;;
AT13;91400;91400;2013;2013;0; 4.265 ; 72,90 ;;
AT13;91500;91500;2013;2013;0; 5.034 ; 92,90 ;;
AT13;91600;91600;2013;2013;0; 5.893 ; 84,95 ;;
AT13;91700;91700;2013;2013;0; 2.967 ; 78,30 ;;
AT13;91800;91800;2013;2013;0; 1.844 ; 56,43 ;;
AT13;91900;91900;2013;2013;0; 2.485 ; 57,19 ;;
AT13;92000;92000;2013;2013;0; 5.446 ; 92,89 ;;
AT13;92100;92100;2013;2013;0; 7.843 ; 79,33 ;;
AT13;92200;92200;2013;2013;0; 6.637 ; 58,40 ;;
AT13;92300;92300;2013;2013;0; 3.733 ; 60,53 ;;
AT13;90000;90000;2014;2014;0; 104.404 ; 85,30 ;;
AT13;90100;90100;2014;2014;0; 343 ; 32,99 ;;
AT13;90200;90200;2014;2014;0; 6.871 ; 97,21 ;;
AT13;90300;90300;2014;2014;0; 4.658 ; 75,63 ;;
AT13;90400;90400;2014;2014;0; 1.254 ; 56,19 ;;
AT13;90500;90500;2014;2014;0; 3.502 ; 87,98 ;;
AT13;90600;90600;2014;2014;0; 1.781 ; 77,52 ;;
AT13;90700;90700;2014;2014;0; 1.327 ; 56,70 ;;
AT13;90800;90800;2014;2014;0; 963 ; 53,01 ;;
AT13;90900;90900;2014;2014;0; 1.664 ; 55,67 ;;
AT13;91000;91000;2014;2014;0; 13.498 ; 106,15 ;;
AT13;91100;91100;2014;2014;0; 6.451 ; 100,10 ;;
AT13;91200;91200;2014;2014;0; 6.512 ; 103,18 ;;
AT13;91300;91300;2014;2014;0; 1.953 ; 61,09 ;;
AT13;91400;91400;2014;2014;0; 4.918 ; 82,60 ;;
AT13;91500;91500;2014;2014;0; 5.783 ; 104,14 ;;
AT13;91600;91600;2014;2014;0; 6.739 ; 95,25 ;;
AT13;91700;91700;2014;2014;0; 3.375 ; 87,24 ;;
AT13;91800;91800;2014;2014;0; 2.079 ; 62,90 ;;
AT13;91900;91900;2014;2014;0; 2.917 ; 66,76 ;;
AT13;92000;92000;2014;2014;0; 6.483 ; 109,63 ;;
AT13;92100;92100;2014;2014;0; 9.326 ; 92,97 ;;
AT13;92200;92200;2014;2014;0; 7.843 ; 67,82 ;;
AT13;92300;92300;2014;2014;0; 4.168 ; 67,40 ;;
AT13;90000;90000;2015;2015;0; 124.685 ; 99,84 ;;
AT13;90100;90100;2015;2015;0; 371 ; 35,40 ;;
AT13;90200;90200;2015;2015;0; 7.358 ; 102,60 ;;
AT13;90300;90300;2015;2015;0; 5.153 ; 82,33 ;;
AT13;90400;90400;2015;2015;0; 2.106 ; 92,09 ;;
AT13;90500;90500;2015;2015;0; 4.192 ; 103,86 ;;
AT13;90600;90600;2015;2015;0; 2.113 ; 90,57 ;;
AT13;90700;90700;2015;2015;0; 1.569 ; 65,71 ;;
AT13;90800;90800;2015;2015;0; 1.117 ; 60,71 ;;
AT13;90900;90900;2015;2015;0; 1.939 ; 63,85 ;;
AT13;91000;91000;2015;2015;0; 16.840 ; 129,16 ;;
AT13;91100;91100;2015;2015;0; 7.782 ; 118,04 ;;
AT13;91200;91200;2015;2015;0; 7.711 ; 119,95 ;;
AT13;91300;91300;2015;2015;0; 2.300 ; 70,61 ;;
AT13;91400;91400;2015;2015;0; 5.661 ; 93,64 ;;
AT13;91500;91500;2015;2015;0; 7.167 ; 126,63 ;;
AT13;91600;91600;2015;2015;0; 8.084 ; 112,69 ;;
AT13;91700;91700;2015;2015;0; 4.071 ; 103,40 ;;
AT13;91800;91800;2015;2015;0; 2.471 ; 73,35 ;;
AT13;91900;91900;2015;2015;0; 3.491 ; 78,55 ;;
AT13;92000;92000;2015;2015;0; 7.741 ; 129,43 ;;
AT13;92100;92100;2015;2015;0; 11.093 ; 107,84 ;;
AT13;92200;92200;2015;2015;0; 9.475 ; 78,70 ;;
AT13;92300;92300;2015;2015;0; 4.880 ; 78,29 ;;
AT13;90000;90000;2016;2016;0; 128.375 ; 100,44 ;;
AT13;90100;90100;2016;2016;0; 381 ; 36,06 ;;
AT13;90200;90200;2016;2016;0; 7.295 ; 99,41 ;;
AT13;90300;90300;2016;2016;0; 5.326 ; 83,39 ;;
AT13;90400;90400;2016;2016;0; 2.265 ; 96,50 ;;
AT13;90500;90500;2016;2016;0; 4.292 ; 105,02 ;;
AT13;90600;90600;2016;2016;0; 2.107 ; 89,10 ;;
AT13;90700;90700;2016;2016;0; 1.563 ; 64,33 ;;
AT13;90800;90800;2016;2016;0; 1.139 ; 60,33 ;;
AT13;90900;90900;2016;2016;0; 1.990 ; 63,91 ;;
AT13;91000;91000;2016;2016;0; 17.968 ; 134,26 ;;
AT13;91100;91100;2016;2016;0; 8.064 ; 119,59 ;;
AT13;91200;91200;2016;2016;0; 8.157 ; 123,73 ;;
AT13;91300;91300;2016;2016;0; 2.369 ; 70,22 ;;
AT13;91400;91400;2016;2016;0; 5.758 ; 93,00 ;;
AT13;91500;91500;2016;2016;0; 7.222 ; 124,91 ;;
AT13;91600;91600;2016;2016;0; 8.059 ; 110,01 ;;
AT13;91700;91700;2016;2016;0; 4.033 ; 100,88 ;;
AT13;91800;91800;2016;2016;0; 2.492 ; 72,29 ;;
AT13;91900;91900;2016;2016;0; 3.507 ; 77,00 ;;
AT13;92000;92000;2016;2016;0; 7.831 ; 129,16 ;;
AT13;92100;92100;2016;2016;0; 11.365 ; 107,63 ;;
AT13;92200;92200;2016;2016;0; 9.929 ; 80,06 ;;
AT13;92300;92300;2016;2016;0; 5.262 ; 82,35 ;;
AT13;90000;90000;2017;2017;0; 155.127 ; 119,73 ;;
AT13;90100;90100;2017;2017;0; 445 ; 42,15 ;;
AT13;90200;90200;2017;2017;0; 8.973 ; 121,13 ;;
AT13;90300;90300;2017;2017;0; 6.364 ; 99,05 ;;
AT13;90400;90400;2017;2017;0; 2.580 ; 108,93 ;;
AT13;90500;90500;2017;2017;0; 5.029 ; 122,20 ;;
AT13;90600;90600;2017;2017;0; 2.452 ; 102,47 ;;
AT13;90700;90700;2017;2017;0; 1.838 ; 75,67 ;;
AT13;90800;90800;2017;2017;0; 1.293 ; 67,75 ;;
AT13;90900;90900;2017;2017;0; 2.406 ; 76,30 ;;
AT13;91000;91000;2017;2017;0; 21.643 ; 158,92 ;;
AT13;91100;91100;2017;2017;0; 9.989 ; 144,63 ;;
AT13;91200;91200;2017;2017;0; 9.854 ; 146,43 ;;
AT13;91300;91300;2017;2017;0; 2.727 ; 80,49 ;;
AT13;91400;91400;2017;2017;0; 6.755 ; 108,27 ;;
AT13;91500;91500;2017;2017;0; 8.538 ; 147,13 ;;
AT13;91600;91600;2017;2017;0; 9.827 ; 133,16 ;;
AT13;91700;91700;2017;2017;0; 4.821 ; 119,55 ;;
AT13;91800;91800;2017;2017;0; 3.099 ; 88,07 ;;
AT13;91900;91900;2017;2017;0; 4.252 ; 92,05 ;;
AT13;92000;92000;2017;2017;0; 9.555 ; 156,26 ;;
AT13;92100;92100;2017;2017;0; 13.941 ; 129,34 ;;
AT13;92200;92200;2017;2017;0; 12.284 ; 97,27 ;;
AT13;92300;92300;2017;2017;0; 6.464 ; 98,61 ;;
AT13;90000;90000;2018;2018;0; 147.692 ; 113,20 ;;
AT13;90100;90100;2018;2018;0; 406 ; 38,64 ;;
AT13;90200;90200;2018;2018;0; 8.597 ; 115,99 ;;
AT13;90300;90300;2018;2018;0; 6.000 ; 92,77 ;;
AT13;90400;90400;2018;2018;0; 2.358 ; 99,41 ;;
AT13;90500;90500;2018;2018;0; 4.681 ; 113,62 ;;
AT13;90600;90600;2018;2018;0; 2.291 ; 95,81 ;;
AT13;90700;90700;2018;2018;0; 1.791 ; 73,76 ;;
AT13;90800;90800;2018;2018;0; 1.265 ; 66,86 ;;
AT13;90900;90900;2018;2018;0; 2.216 ; 71,06 ;;
AT13;91000;91000;2018;2018;0; 20.627 ; 148,83 ;;
AT13;91100;91100;2018;2018;0; 9.650 ; 138,79 ;;
AT13;91200;91200;2018;2018;0; 9.514 ; 139,97 ;;
AT13;91300;91300;2018;2018;0; 2.592 ; 76,88 ;;
AT13;91400;91400;2018;2018;0; 6.408 ; 102,38 ;;
AT13;91500;91500;2018;2018;0; 8.011 ; 139,53 ;;
AT13;91600;91600;2018;2018;0; 9.125 ; 123,94 ;;
AT13;91700;91700;2018;2018;0; 4.507 ; 111,68 ;;
AT13;91800;91800;2018;2018;0; 2.913 ; 82,20 ;;
AT13;91900;91900;2018;2018;0; 4.077 ; 87,89 ;;
AT13;92000;92000;2018;2018;0; 8.999 ; 147,64 ;;
AT13;92100;92100;2018;2018;0; 13.310 ; 121,23 ;;
AT13;92200;92200;2018;2018;0; 11.954 ; 93,10 ;;
AT13;92300;92300;2018;2018;0; 6.400 ; 94,84 ;;
AT13;90000;90000;2019;2019;0; 140.714 ; 107,28 ;;
AT13;90100;90100;2019;2019;0; 383 ; 37,00 ;;
AT13;90200;90200;2019;2019;0; 8.249 ; 111,28 ;;
AT13;90300;90300;2019;2019;0; 5.731 ; 88,03 ;;
AT13;90400;90400;2019;2019;0; 2.122 ; 89,99 ;;
AT13;90500;90500;2019;2019;0; 4.482 ; 109,75 ;;
AT13;90600;90600;2019;2019;0; 2.124 ; 89,58 ;;
AT13;90700;90700;2019;2019;0; 1.596 ; 66,52 ;;
AT13;90800;90800;2019;2019;0; 1.141 ; 61,38 ;;
AT13;90900;90900;2019;2019;0; 1.978 ; 63,80 ;;
AT13;91000;91000;2019;2019;0; 19.434 ; 138,62 ;;
AT13;91100;91100;2019;2019;0; 9.362 ; 131,92 ;;
AT13;91200;91200;2019;2019;0; 9.141 ; 134,87 ;;
AT13;91300;91300;2019;2019;0; 2.530 ; 75,48 ;;
AT13;91400;91400;2019;2019;0; 5.989 ; 95,33 ;;
AT13;91500;91500;2019;2019;0; 7.479 ; 131,93 ;;
AT13;91600;91600;2019;2019;0; 8.429 ; 115,55 ;;
AT13;91700;91700;2019;2019;0; 4.214 ; 105,40 ;;
AT13;91800;91800;2019;2019;0; 2.668 ; 75,50 ;;
AT13;91900;91900;2019;2019;0; 3.850 ; 81,88 ;;
AT13;92000;92000;2019;2019;0; 8.750 ; 144,09 ;;
AT13;92100;92100;2019;2019;0; 12.823 ; 115,10 ;;
AT13;92200;92200;2019;2019;0; 11.762 ; 89,67 ;;
AT13;92300;92300;2019;2019;0; 6.478 ; 92,86 ;;
AT13;90000;90000;2020;2020;0; 173.923 ; 131,76 ;;
AT13;90100;90100;2020;2020;0; 509 ; 50,16 ;;
AT13;90200;90200;2020;2020;0; 9.884 ; 132,64 ;;
AT13;90300;90300;2020;2020;0; 7.232 ; 110,15 ;;
AT13;90400;90400;2020;2020;0; 2.589 ; 110,36 ;;
AT13;90500;90500;2020;2020;0; 5.607 ; 138,14 ;;
AT13;90600;90600;2020;2020;0; 2.553 ; 109,05 ;;
AT13;90700;90700;2020;2020;0; 1.991 ; 83,94 ;;
AT13;90800;90800;2020;2020;0; 1.365 ; 75,91 ;;
AT13;90900;90900;2020;2020;0; 2.448 ; 79,39 ;;
AT13;91000;91000;2020;2020;0; 24.283 ; 170,42 ;;
AT13;91100;91100;2020;2020;0; 11.419 ; 159,70 ;;
AT13;91200;91200;2020;2020;0; 11.050 ; 162,87 ;;
AT13;91300;91300;2020;2020;0; 3.162 ; 94,17 ;;
AT13;91400;91400;2020;2020;0; 7.626 ; 121,47 ;;
AT13;91500;91500;2020;2020;0; 9.037 ; 160,71 ;;
AT13;91600;91600;2020;2020;0; 10.508 ; 144,84 ;;
AT13;91700;91700;2020;2020;0; 5.186 ; 130,63 ;;
AT13;91800;91800;2020;2020;0; 3.275 ; 92,76 ;;
AT13;91900;91900;2020;2020;0; 4.730 ; 99,60 ;;
AT13;92000;92000;2020;2020;0; 10.295 ; 170,64 ;;
AT13;92100;92100;2020;2020;0; 16.347 ; 143,26 ;;
AT13;92200;92200;2020;2020;0; 14.773 ; 110,01 ;;
AT13;92300;92300;2020;2020;0; 8.058 ; 112,66 ;;
AT13;90000;90000;2021;2021;0; 158.402 ; 119,43 ;;
AT13;90100;90100;2021;2021;0; 449 ; 44,47 ;;
AT13;90200;90200;2021;2021;0; 8.719 ; 117,84 ;;
AT13;90300;90300;2021;2021;0; 6.487 ; 97,48 ;;
AT13;90400;90400;2021;2021;0; 2.252 ; 96,30 ;;
AT13;90500;90500;2021;2021;0; 4.931 ; 123,33 ;;
AT13;90600;90600;2021;2021;0; 2.129 ; 92,70 ;;
AT13;90700;90700;2021;2021;0; 1.705 ; 72,88 ;;
AT13;90800;90800;2021;2021;0; 1.190 ; 67,64 ;;
AT13;90900;90900;2021;2021;0; 2.083 ; 68,29 ;;
AT13;91000;91000;2021;2021;0; 22.723 ; 156,91 ;;
AT13;91100;91100;2021;2021;0; 10.616 ; 147,18 ;;
AT13;91200;91200;2021;2021;0; 10.183 ; 149,33 ;;
AT13;91300;91300;2021;2021;0; 2.829 ; 84,63 ;;
AT13;91400;91400;2021;2021;0; 6.890 ; 110,34 ;;
AT13;91500;91500;2021;2021;0; 8.004 ; 143,07 ;;
AT13;91600;91600;2021;2021;0; 9.462 ; 131,65 ;;
AT13;91700;91700;2021;2021;0; 4.563 ; 116,41 ;;
AT13;91800;91800;2021;2021;0; 2.869 ; 81,85 ;;
AT13;91900;91900;2021;2021;0; 4.285 ; 90,12 ;;
AT13;92000;92000;2021;2021;0; 9.185 ; 154,40 ;;
AT13;92100;92100;2021;2021;0; 15.494 ; 131,26 ;;
AT13;92200;92200;2021;2021;0; 13.700 ; 100,24 ;;
AT13;92300;92300;2021;2021;0; 7.655 ; 104,86 ;;
AT13;90000;90000;2022;2022;0; 138.341 ; 102,25 ;;
AT13;90100;90100;2022;2022;0; 368 ; 35,24 ;;
AT13;90200;90200;2022;2022;0; 7.395 ; 98,13 ;;
AT13;90300;90300;2022;2022;0; 5.407 ; 79,36 ;;
AT13;90400;90400;2022;2022;0; 1.853 ; 78,48 ;;
AT13;90500;90500;2022;2022;0; 4.278 ; 106,26 ;;
AT13;90600;90600;2022;2022;0; 1.712 ; 74,09 ;;
AT13;90700;90700;2022;2022;0; 1.341 ; 57,36 ;;
AT13;90800;90800;2022;2022;0; 930 ; 52,31 ;;
AT13;90900;90900;2022;2022;0; 1.738 ; 56,64 ;;
AT13;91000;91000;2022;2022;0; 20.855 ; 140,52 ;;
AT13;91100;91100;2022;2022;0; 9.424 ; 127,56 ;;
AT13;91200;91200;2022;2022;0; 9.110 ; 131,14 ;;
AT13;91300;91300;2022;2022;0; 2.359 ; 68,48 ;;
AT13;91400;91400;2022;2022;0; 6.065 ; 95,27 ;;
AT13;91500;91500;2022;2022;0; 7.051 ; 126,28 ;;
AT13;91600;91600;2022;2022;0; 8.356 ; 115,85 ;;
AT13;91700;91700;2022;2022;0; 3.956 ; 101,07 ;;
AT13;91800;91800;2022;2022;0; 2.410 ; 68,20 ;;
AT13;91900;91900;2022;2022;0; 3.648 ; 75,41 ;;
AT13;92000;92000;2022;2022;0; 8.113 ; 135,52 ;;
AT13;92100;92100;2022;2022;0; 13.598 ; 111,56 ;;
AT13;92200;92200;2022;2022;0; 11.720 ; 82,34 ;;
AT13;92300;92300;2022;2022;0; 6.657 ; 88,14 ;;
AT13;90000;90000;2023;2023;0; 142.515 ; 103,38 ;;
AT13;90100;90100;2023;2023;0; 374 ; 35,05 ;;
AT13;90200;90200;2023;2023;0; 7.491 ; 96,55 ;;
AT13;90300;90300;2023;2023;0; 5.631 ; 80,61 ;;
AT13;90400;90400;2023;2023;0; 1.855 ; 78,41 ;;
AT13;90500;90500;2023;2023;0; 4.355 ; 107,32 ;;
AT13;90600;90600;2023;2023;0; 1.721 ; 74,36 ;;
AT13;90700;90700;2023;2023;0; 1.390 ; 59,43 ;;
AT13;90800;90800;2023;2023;0; 942 ; 53,03 ;;
AT13;90900;90900;2023;2023;0; 1.781 ; 58,13 ;;
AT13;91000;91000;2023;2023;0; 21.604 ; 142,87 ;;
AT13;91100;91100;2023;2023;0; 9.671 ; 128,31 ;;
AT13;91200;91200;2023;2023;0; 9.349 ; 131,65 ;;
AT13;91300;91300;2023;2023;0; 2.457 ; 70,53 ;;
AT13;91400;91400;2023;2023;0; 6.295 ; 95,85 ;;
AT13;91500;91500;2023;2023;0; 7.477 ; 132,97 ;;
AT13;91600;91600;2023;2023;0; 8.545 ; 117,49 ;;
AT13;91700;91700;2023;2023;0; 3.972 ; 101,06 ;;
AT13;91800;91800;2023;2023;0; 2.343 ; 66,28 ;;
AT13;91900;91900;2023;2023;0; 3.656 ; 74,97 ;;
AT13;92000;92000;2023;2023;0; 8.389 ; 137,44 ;;
AT13;92100;92100;2023;2023;0; 13.926 ; 112,10 ;;
AT13;92200;92200;2023;2023;0; 12.320 ; 83,14 ;;
AT13;92300;92300;2023;2023;0; 6.973 ; 90,18 ;;
AT13;90000;90000;2002;2002;1; 44.966 ; 82,62 ;;
AT13;90100;90100;2002;2002;1; 232 ; 38,03 ;;
AT13;90200;90200;2002;2002;1; 2.933 ; 92,67 ;;
AT13;90300;90300;2002;2002;1; 2.403 ; 83,54 ;;
AT13;90400;90400;2002;2002;1; 668 ; 66,57 ;;
AT13;90500;90500;2002;2002;1; 1.734 ; 95,56 ;;
AT13;90600;90600;2002;2002;1; 871 ; 81,33 ;;
AT13;90700;90700;2002;2002;1; 706 ; 65,89 ;;
AT13;90800;90800;2002;2002;1; 529 ; 63,84 ;;
AT13;90900;90900;2002;2002;1; 904 ; 66,17 ;;
AT13;91000;91000;2002;2002;1; 5.293 ; 99,27 ;;
AT13;91100;91100;2002;2002;1; 2.474 ; 88,69 ;;
AT13;91200;91200;2002;2002;1; 2.575 ; 95,11 ;;
AT13;91300;91300;2002;2002;1; 707 ; 46,79 ;;
AT13;91400;91400;2002;2002;1; 1.999 ; 74,77 ;;
AT13;91500;91500;2002;2002;1; 2.486 ; 99,31 ;;
AT13;91600;91600;2002;2002;1; 3.197 ; 102,42 ;;
AT13;91700;91700;2002;2002;1; 1.534 ; 89,52 ;;
AT13;91800;91800;2002;2002;1; 1.008 ; 68,08 ;;
AT13;91900;91900;2002;2002;1; 1.235 ; 60,95 ;;
AT13;92000;92000;2002;2002;1; 2.892 ; 103,75 ;;
AT13;92100;92100;2002;2002;1; 3.760 ; 85,86 ;;
AT13;92200;92200;2002;2002;1; 3.110 ; 65,74 ;;
AT13;92300;92300;2002;2002;1; 1.718 ; 60,05 ;;
AT13;90000;90000;2003;2003;1; 48.038 ; 86,87 ;;
AT13;90100;90100;2003;2003;1; 242 ; 39,89 ;;
AT13;90200;90200;2003;2003;1; 3.119 ; 97,18 ;;
AT13;90300;90300;2003;2003;1; 2.583 ; 89,38 ;;
AT13;90400;90400;2003;2003;1; 687 ; 67,28 ;;
AT13;90500;90500;2003;2003;1; 1.836 ; 98,96 ;;
AT13;90600;90600;2003;2003;1; 935 ; 86,81 ;;
AT13;90700;90700;2003;2003;1; 734 ; 68,22 ;;
AT13;90800;90800;2003;2003;1; 575 ; 65,64 ;;
AT13;90900;90900;2003;2003;1; 970 ; 69,53 ;;
AT13;91000;91000;2003;2003;1; 5.658 ; 103,76 ;;
AT13;91100;91100;2003;2003;1; 2.590 ; 91,35 ;;
AT13;91200;91200;2003;2003;1; 2.801 ; 100,87 ;;
AT13;91300;91300;2003;2003;1; 762 ; 49,84 ;;
AT13;91400;91400;2003;2003;1; 2.103 ; 77,62 ;;
AT13;91500;91500;2003;2003;1; 2.589 ; 102,37 ;;
AT13;91600;91600;2003;2003;1; 3.447 ; 108,96 ;;
AT13;91700;91700;2003;2003;1; 1.701 ; 96,68 ;;
AT13;91800;91800;2003;2003;1; 1.091 ; 72,39 ;;
AT13;91900;91900;2003;2003;1; 1.403 ; 68,90 ;;
AT13;92000;92000;2003;2003;1; 3.149 ; 110,38 ;;
AT13;92100;92100;2003;2003;1; 3.931 ; 88,08 ;;
AT13;92200;92200;2003;2003;1; 3.255 ; 67,88 ;;
AT13;92300;92300;2003;2003;1; 1.878 ; 65,19 ;;
AT13;90000;90000;2004;2004;1; 49.283 ; 88,18 ;;
AT13;90100;90100;2004;2004;1; 245 ; 40,83 ;;
AT13;90200;90200;2004;2004;1; 2.929 ; 90,58 ;;
AT13;90300;90300;2004;2004;1; 2.639 ; 89,72 ;;
AT13;90400;90400;2004;2004;1; 663 ; 64,60 ;;
AT13;90500;90500;2004;2004;1; 1.808 ; 95,78 ;;
AT13;90600;90600;2004;2004;1; 957 ; 88,35 ;;
AT13;90700;90700;2004;2004;1; 722 ; 67,12 ;;
AT13;90800;90800;2004;2004;1; 532 ; 60,24 ;;
AT13;90900;90900;2004;2004;1; 1.009 ; 70,41 ;;
AT13;91000;91000;2004;2004;1; 6.056 ; 109,15 ;;
AT13;91100;91100;2004;2004;1; 2.683 ; 94,13 ;;
AT13;91200;91200;2004;2004;1; 3.010 ; 106,38 ;;
AT13;91300;91300;2004;2004;1; 830 ; 54,24 ;;
AT13;91400;91400;2004;2004;1; 2.230 ; 81,70 ;;
AT13;91500;91500;2004;2004;1; 2.798 ; 109,85 ;;
AT13;91600;91600;2004;2004;1; 3.549 ; 110,35 ;;
AT13;91700;91700;2004;2004;1; 1.790 ; 99,19 ;;
AT13;91800;91800;2004;2004;1; 1.163 ; 76,20 ;;
AT13;91900;91900;2004;2004;1; 1.419 ; 69,74 ;;
AT13;92000;92000;2004;2004;1; 2.928 ; 101,85 ;;
AT13;92100;92100;2004;2004;1; 4.078 ; 90,54 ;;
AT13;92200;92200;2004;2004;1; 3.315 ; 68,36 ;;
AT13;92300;92300;2004;2004;1; 1.929 ; 66,98 ;;
AT13;90000;90000;2005;2005;1; 48.626 ; 86,19 ;;
AT13;90100;90100;2005;2005;1; 238 ; 39,64 ;;
AT13;90200;90200;2005;2005;1; 2.944 ; 90,66 ;;
AT13;90300;90300;2005;2005;1; 2.619 ; 88,50 ;;
AT13;90400;90400;2005;2005;1; 621 ; 59,58 ;;
AT13;90500;90500;2005;2005;1; 1.751 ; 90,92 ;;
AT13;90600;90600;2005;2005;1; 949 ; 86,54 ;;
AT13;90700;90700;2005;2005;1; 686 ; 61,67 ;;
AT13;90800;90800;2005;2005;1; 453 ; 51,51 ;;
AT13;90900;90900;2005;2005;1; 960 ; 66,90 ;;
AT13;91000;91000;2005;2005;1; 6.059 ; 106,67 ;;
AT13;91100;91100;2005;2005;1; 2.697 ; 94,47 ;;
AT13;91200;91200;2005;2005;1; 2.994 ; 104,42 ;;
AT13;91300;91300;2005;2005;1; 815 ; 53,61 ;;
AT13;91400;91400;2005;2005;1; 2.196 ; 79,97 ;;
AT13;91500;91500;2005;2005;1; 2.857 ; 110,69 ;;
AT13;91600;91600;2005;2005;1; 3.513 ; 106,56 ;;
AT13;91700;91700;2005;2005;1; 1.816 ; 98,27 ;;
AT13;91800;91800;2005;2005;1; 1.125 ; 73,22 ;;
AT13;91900;91900;2005;2005;1; 1.335 ; 65,53 ;;
AT13;92000;92000;2005;2005;1; 2.963 ; 102,42 ;;
AT13;92100;92100;2005;2005;1; 3.848 ; 85,29 ;;
AT13;92200;92200;2005;2005;1; 3.354 ; 68,79 ;;
AT13;92300;92300;2005;2005;1; 1.827 ; 63,61 ;;
AT13;90000;90000;2006;2006;1; 46.923 ; 82,77 ;;
AT13;90100;90100;2006;2006;1; 201 ; 33,59 ;;
AT13;90200;90200;2006;2006;1; 2.913 ; 87,57 ;;
AT13;90300;90300;2006;2006;1; 2.414 ; 82,16 ;;
AT13;90400;90400;2006;2006;1; 578 ; 55,19 ;;
AT13;90500;90500;2006;2006;1; 1.654 ; 85,46 ;;
AT13;90600;90600;2006;2006;1; 923 ; 83,53 ;;
AT13;90700;90700;2006;2006;1; 648 ; 58,43 ;;
AT13;90800;90800;2006;2006;1; 440 ; 49,72 ;;
AT13;90900;90900;2006;2006;1; 833 ; 58,14 ;;
AT13;91000;91000;2006;2006;1; 5.792 ; 100,51 ;;
AT13;91100;91100;2006;2006;1; 2.545 ; 89,55 ;;
AT13;91200;91200;2006;2006;1; 2.901 ; 100,98 ;;
AT13;91300;91300;2006;2006;1; 785 ; 51,99 ;;
AT13;91400;91400;2006;2006;1; 2.219 ; 80,50 ;;
AT13;91500;91500;2006;2006;1; 2.822 ; 108,90 ;;
AT13;91600;91600;2006;2006;1; 3.488 ; 105,02 ;;
AT13;91700;91700;2006;2006;1; 1.799 ; 96,74 ;;
AT13;91800;91800;2006;2006;1; 1.104 ; 71,73 ;;
AT13;91900;91900;2006;2006;1; 1.211 ; 59,03 ;;
AT13;92000;92000;2006;2006;1; 2.887 ; 100,30 ;;
AT13;92100;92100;2006;2006;1; 3.897 ; 85,96 ;;
AT13;92200;92200;2006;2006;1; 3.110 ; 63,38 ;;
AT13;92300;92300;2006;2006;1; 1.759 ; 60,99 ;;
AT13;90000;90000;2007;2007;1; 43.379 ; 76,46 ;;
AT13;90100;90100;2007;2007;1; 187 ; 31,87 ;;
AT13;90200;90200;2007;2007;1; 2.664 ; 80,00 ;;
AT13;90300;90300;2007;2007;1; 2.225 ; 77,06 ;;
AT13;90400;90400;2007;2007;1; 533 ; 51,46 ;;
AT13;90500;90500;2007;2007;1; 1.572 ; 81,51 ;;
AT13;90600;90600;2007;2007;1; 851 ; 77,19 ;;
AT13;90700;90700;2007;2007;1; 582 ; 53,09 ;;
AT13;90800;90800;2007;2007;1; 434 ; 49,14 ;;
AT13;90900;90900;2007;2007;1; 734 ; 51,38 ;;
AT13;91000;91000;2007;2007;1; 5.356 ; 92,31 ;;
AT13;91100;91100;2007;2007;1; 2.468 ; 85,14 ;;
AT13;91200;91200;2007;2007;1; 2.788 ; 96,18 ;;
AT13;91300;91300;2007;2007;1; 725 ; 48,73 ;;
AT13;91400;91400;2007;2007;1; 2.096 ; 75,44 ;;
AT13;91500;91500;2007;2007;1; 2.620 ; 101,17 ;;
AT13;91600;91600;2007;2007;1; 3.215 ; 97,00 ;;
AT13;91700;91700;2007;2007;1; 1.651 ; 89,50 ;;
AT13;91800;91800;2007;2007;1; 1.004 ; 65,38 ;;
AT13;91900;91900;2007;2007;1; 1.075 ; 52,63 ;;
AT13;92000;92000;2007;2007;1; 2.577 ; 89,65 ;;
AT13;92100;92100;2007;2007;1; 3.631 ; 79,64 ;;
AT13;92200;92200;2007;2007;1; 2.722 ; 55,03 ;;
AT13;92300;92300;2007;2007;1; 1.670 ; 57,88 ;;
AT13;90000;90000;2008;2008;1; 39.601 ; 69,59 ;;
AT13;90100;90100;2008;2008;1; 164 ; 28,75 ;;
AT13;90200;90200;2008;2008;1; 2.435 ; 72,93 ;;
AT13;90300;90300;2008;2008;1; 2.007 ; 70,18 ;;
AT13;90400;90400;2008;2008;1; 498 ; 47,73 ;;
AT13;90500;90500;2008;2008;1; 1.460 ; 75,56 ;;
AT13;90600;90600;2008;2008;1; 800 ; 73,23 ;;
AT13;90700;90700;2008;2008;1; 500 ; 45,83 ;;
AT13;90800;90800;2008;2008;1; 370 ; 41,89 ;;
AT13;90900;90900;2008;2008;1; 653 ; 45,90 ;;
AT13;91000;91000;2008;2008;1; 4.840 ; 82,91 ;;
AT13;91100;91100;2008;2008;1; 2.316 ; 77,44 ;;
AT13;91200;91200;2008;2008;1; 2.582 ; 87,63 ;;
AT13;91300;91300;2008;2008;1; 681 ; 46,22 ;;
AT13;91400;91400;2008;2008;1; 1.961 ; 70,37 ;;
AT13;91500;91500;2008;2008;1; 2.410 ; 93,13 ;;
AT13;91600;91600;2008;2008;1; 2.891 ; 87,33 ;;
AT13;91700;91700;2008;2008;1; 1.462 ; 79,76 ;;
AT13;91800;91800;2008;2008;1; 929 ; 60,46 ;;
AT13;91900;91900;2008;2008;1; 978 ; 48,10 ;;
AT13;92000;92000;2008;2008;1; 2.367 ; 82,41 ;;
AT13;92100;92100;2008;2008;1; 3.297 ; 72,03 ;;
AT13;92200;92200;2008;2008;1; 2.424 ; 48,37 ;;
AT13;92300;92300;2008;2008;1; 1.577 ; 54,75 ;;
AT13;90000;90000;2009;2009;1; 44.430 ; 77,89 ;;
AT13;90100;90100;2009;2009;1; 179 ; 32,55 ;;
AT13;90200;90200;2009;2009;1; 2.805 ; 83,23 ;;
AT13;90300;90300;2009;2009;1; 2.237 ; 78,63 ;;
AT13;90400;90400;2009;2009;1; 553 ; 52,98 ;;
AT13;90500;90500;2009;2009;1; 1.607 ; 83,37 ;;
AT13;90600;90600;2009;2009;1; 843 ; 77,88 ;;
AT13;90700;90700;2009;2009;1; 575 ; 52,78 ;;
AT13;90800;90800;2009;2009;1; 412 ; 46,74 ;;
AT13;90900;90900;2009;2009;1; 724 ; 51,00 ;;
AT13;91000;91000;2009;2009;1; 5.506 ; 93,72 ;;
AT13;91100;91100;2009;2009;1; 2.646 ; 86,94 ;;
AT13;91200;91200;2009;2009;1; 2.891 ; 97,33 ;;
AT13;91300;91300;2009;2009;1; 775 ; 52,70 ;;
AT13;91400;91400;2009;2009;1; 2.170 ; 78,24 ;;
AT13;91500;91500;2009;2009;1; 2.620 ; 101,03 ;;
AT13;91600;91600;2009;2009;1; 3.174 ; 95,55 ;;
AT13;91700;91700;2009;2009;1; 1.654 ; 90,48 ;;
AT13;91800;91800;2009;2009;1; 1.014 ; 65,94 ;;
AT13;91900;91900;2009;2009;1; 1.100 ; 54,34 ;;
AT13;92000;92000;2009;2009;1; 2.629 ; 91,56 ;;
AT13;92100;92100;2009;2009;1; 3.652 ; 79,70 ;;
AT13;92200;92200;2009;2009;1; 2.856 ; 56,34 ;;
AT13;92300;92300;2009;2009;1; 1.808 ; 62,99 ;;
AT13;90000;90000;2010;2010;1; 44.233 ; 77,19 ;;
AT13;90100;90100;2010;2010;1; 188 ; 34,97 ;;
AT13;90200;90200;2010;2010;1; 2.853 ; 84,62 ;;
AT13;90300;90300;2010;2010;1; 2.237 ; 78,23 ;;
AT13;90400;90400;2010;2010;1; 579 ; 55,34 ;;
AT13;90500;90500;2010;2010;1; 1.580 ; 81,37 ;;
AT13;90600;90600;2010;2010;1; 843 ; 77,75 ;;
AT13;90700;90700;2010;2010;1; 572 ; 52,23 ;;
AT13;90800;90800;2010;2010;1; 397 ; 46,26 ;;
AT13;90900;90900;2010;2010;1; 705 ; 49,46 ;;
AT13;91000;91000;2010;2010;1; 5.606 ; 94,67 ;;
AT13;91100;91100;2010;2010;1; 2.638 ; 85,88 ;;
AT13;91200;91200;2010;2010;1; 2.876 ; 96,32 ;;
AT13;91300;91300;2010;2010;1; 759 ; 51,64 ;;
AT13;91400;91400;2010;2010;1; 2.115 ; 76,17 ;;
AT13;91500;91500;2010;2010;1; 2.568 ; 98,15 ;;
AT13;91600;91600;2010;2010;1; 3.008 ; 90,40 ;;
AT13;91700;91700;2010;2010;1; 1.536 ; 84,62 ;;
AT13;91800;91800;2010;2010;1; 960 ; 62,85 ;;
AT13;91900;91900;2010;2010;1; 1.129 ; 55,51 ;;
AT13;92000;92000;2010;2010;1; 2.648 ; 91,74 ;;
AT13;92100;92100;2010;2010;1; 3.763 ; 81,39 ;;
AT13;92200;92200;2010;2010;1; 2.833 ; 55,05 ;;
AT13;92300;92300;2010;2010;1; 1.843 ; 63,91 ;;
AT13;90000;90000;2011;2011;1; 46.466 ; 80,39 ;;
AT13;90100;90100;2011;2011;1; 173 ; 32,47 ;;
AT13;90200;90200;2011;2011;1; 3.124 ; 92,17 ;;
AT13;90300;90300;2011;2011;1; 2.245 ; 77,81 ;;
AT13;90400;90400;2011;2011;1; 614 ; 58,21 ;;
AT13;90500;90500;2011;2011;1; 1.650 ; 84,60 ;;
AT13;90600;90600;2011;2011;1; 831 ; 77,45 ;;
AT13;90700;90700;2011;2011;1; 553 ; 50,53 ;;
AT13;90800;90800;2011;2011;1; 406 ; 46,98 ;;
AT13;90900;90900;2011;2011;1; 764 ; 54,05 ;;
AT13;91000;91000;2011;2011;1; 6.013 ; 100,25 ;;
AT13;91100;91100;2011;2011;1; 2.709 ; 87,16 ;;
AT13;91200;91200;2011;2011;1; 2.974 ; 98,93 ;;
AT13;91300;91300;2011;2011;1; 796 ; 54,26 ;;
AT13;91400;91400;2011;2011;1; 2.236 ; 80,32 ;;
AT13;91500;91500;2011;2011;1; 2.731 ; 103,71 ;;
AT13;91600;91600;2011;2011;1; 3.197 ; 95,23 ;;
AT13;91700;91700;2011;2011;1; 1.624 ; 89,56 ;;
AT13;91800;91800;2011;2011;1; 987 ; 64,83 ;;
AT13;91900;91900;2011;2011;1; 1.245 ; 60,69 ;;
AT13;92000;92000;2011;2011;1; 2.847 ; 97,62 ;;
AT13;92100;92100;2011;2011;1; 3.833 ; 81,60 ;;
AT13;92200;92200;2011;2011;1; 2.987 ; 56,69 ;;
AT13;92300;92300;2011;2011;1; 1.929 ; 66,05 ;;
AT13;90000;90000;2012;2012;1; 49.022 ; 83,91 ;;
AT13;90100;90100;2012;2012;1; 184 ; 35,32 ;;
AT13;90200;90200;2012;2012;1; 3.333 ; 98,26 ;;
AT13;90300;90300;2012;2012;1; 2.349 ; 80,65 ;;
AT13;90400;90400;2012;2012;1; 619 ; 58,37 ;;
AT13;90500;90500;2012;2012;1; 1.684 ; 86,49 ;;
AT13;90600;90600;2012;2012;1; 852 ; 78,48 ;;
AT13;90700;90700;2012;2012;1; 575 ; 52,32 ;;
AT13;90800;90800;2012;2012;1; 406 ; 46,42 ;;
AT13;90900;90900;2012;2012;1; 777 ; 54,29 ;;
AT13;91000;91000;2012;2012;1; 6.483 ; 105,29 ;;
AT13;91100;91100;2012;2012;1; 2.946 ; 94,00 ;;
AT13;91200;91200;2012;2012;1; 3.091 ; 102,23 ;;
AT13;91300;91300;2012;2012;1; 917 ; 62,28 ;;
AT13;91400;91400;2012;2012;1; 2.315 ; 82,75 ;;
AT13;91500;91500;2012;2012;1; 2.912 ; 108,26 ;;
AT13;91600;91600;2012;2012;1; 3.308 ; 96,84 ;;
AT13;91700;91700;2012;2012;1; 1.671 ; 91,20 ;;
AT13;91800;91800;2012;2012;1; 989 ; 64,64 ;;
AT13;91900;91900;2012;2012;1; 1.314 ; 63,86 ;;
AT13;92000;92000;2012;2012;1; 3.081 ; 105,51 ;;
AT13;92100;92100;2012;2012;1; 4.006 ; 84,05 ;;
AT13;92200;92200;2012;2012;1; 3.255 ; 60,57 ;;
AT13;92300;92300;2012;2012;1; 1.955 ; 66,78 ;;
AT13;90000;90000;2013;2013;1; 53.432 ; 90,00 ;;
AT13;90100;90100;2013;2013;1; 183 ; 35,57 ;;
AT13;90200;90200;2013;2013;1; 3.593 ; 104,94 ;;
AT13;90300;90300;2013;2013;1; 2.397 ; 81,65 ;;
AT13;90400;90400;2013;2013;1; 647 ; 60,66 ;;
AT13;90500;90500;2013;2013;1; 1.825 ; 92,01 ;;
AT13;90600;90600;2013;2013;1; 927 ; 82,38 ;;
AT13;90700;90700;2013;2013;1; 612 ; 54,63 ;;
AT13;90800;90800;2013;2013;1; 462 ; 51,45 ;;
AT13;90900;90900;2013;2013;1; 859 ; 59,14 ;;
AT13;91000;91000;2013;2013;1; 7.079 ; 111,50 ;;
AT13;91100;91100;2013;2013;1; 3.273 ; 103,69 ;;
AT13;91200;91200;2013;2013;1; 3.356 ; 109,18 ;;
AT13;91300;91300;2013;2013;1; 965 ; 64,82 ;;
AT13;91400;91400;2013;2013;1; 2.476 ; 87,04 ;;
AT13;91500;91500;2013;2013;1; 3.078 ; 111,29 ;;
AT13;91600;91600;2013;2013;1; 3.661 ; 104,98 ;;
AT13;91700;91700;2013;2013;1; 1.834 ; 97,14 ;;
AT13;91800;91800;2013;2013;1; 1.066 ; 69,29 ;;
AT13;91900;91900;2013;2013;1; 1.430 ; 69,11 ;;
AT13;92000;92000;2013;2013;1; 3.311 ; 112,52 ;;
AT13;92100;92100;2013;2013;1; 4.610 ; 95,36 ;;
AT13;92200;92200;2013;2013;1; 3.681 ; 67,36 ;;
AT13;92300;92300;2013;2013;1; 2.107 ; 71,51 ;;
AT13;90000;90000;2014;2014;1; 61.695 ; 102,13 ;;
AT13;90100;90100;2014;2014;1; 193 ; 37,81 ;;
AT13;90200;90200;2014;2014;1; 4.267 ; 120,30 ;;
AT13;90300;90300;2014;2014;1; 2.698 ; 90,03 ;;
AT13;90400;90400;2014;2014;1; 698 ; 64,32 ;;
AT13;90500;90500;2014;2014;1; 2.108 ; 104,79 ;;
AT13;90600;90600;2014;2014;1; 1.113 ; 97,75 ;;
AT13;90700;90700;2014;2014;1; 738 ; 64,68 ;;
AT13;90800;90800;2014;2014;1; 587 ; 64,08 ;;
AT13;90900;90900;2014;2014;1; 988 ; 67,38 ;;
AT13;91000;91000;2014;2014;1; 8.056 ; 125,39 ;;
AT13;91100;91100;2014;2014;1; 3.683 ; 114,68 ;;
AT13;91200;91200;2014;2014;1; 3.879 ; 123,67 ;;
AT13;91300;91300;2014;2014;1; 1.105 ; 73,03 ;;
AT13;91400;91400;2014;2014;1; 2.822 ; 97,22 ;;
AT13;91500;91500;2014;2014;1; 3.545 ; 124,65 ;;
AT13;91600;91600;2014;2014;1; 4.206 ; 117,95 ;;
AT13;91700;91700;2014;2014;1; 2.074 ; 107,02 ;;
AT13;91800;91800;2014;2014;1; 1.207 ; 77,39 ;;
AT13;91900;91900;2014;2014;1; 1.694 ; 81,13 ;;
AT13;92000;92000;2014;2014;1; 3.907 ; 131,29 ;;
AT13;92100;92100;2014;2014;1; 5.457 ; 111,02 ;;
AT13;92200;92200;2014;2014;1; 4.326 ; 77,88 ;;
AT13;92300;92300;2014;2014;1; 2.345 ; 79,09 ;;
AT13;90000;90000;2015;2015;1; 74.241 ; 120,04 ;;
AT13;90100;90100;2015;2015;1; 215 ; 41,73 ;;
AT13;90200;90200;2015;2015;1; 4.447 ; 123,28 ;;
AT13;90300;90300;2015;2015;1; 3.046 ; 99,26 ;;
AT13;90400;90400;2015;2015;1; 1.371 ; 121,80 ;;
AT13;90500;90500;2015;2015;1; 2.527 ; 123,70 ;;
AT13;90600;90600;2015;2015;1; 1.331 ; 114,82 ;;
AT13;90700;90700;2015;2015;1; 896 ; 76,68 ;;
AT13;90800;90800;2015;2015;1; 702 ; 74,92 ;;
AT13;90900;90900;2015;2015;1; 1.160 ; 77,70 ;;
AT13;91000;91000;2015;2015;1; 10.120 ; 152,76 ;;
AT13;91100;91100;2015;2015;1; 4.510 ; 137,04 ;;
AT13;91200;91200;2015;2015;1; 4.627 ; 144,16 ;;
AT13;91300;91300;2015;2015;1; 1.307 ; 84,47 ;;
AT13;91400;91400;2015;2015;1; 3.321 ; 112,15 ;;
AT13;91500;91500;2015;2015;1; 4.474 ; 153,85 ;;
AT13;91600;91600;2015;2015;1; 5.052 ; 139,47 ;;
AT13;91700;91700;2015;2015;1; 2.549 ; 129,00 ;;
AT13;91800;91800;2015;2015;1; 1.434 ; 89,74 ;;
AT13;91900;91900;2015;2015;1; 2.017 ; 94,51 ;;
AT13;92000;92000;2015;2015;1; 4.729 ; 156,36 ;;
AT13;92100;92100;2015;2015;1; 6.497 ; 128,71 ;;
AT13;92200;92200;2015;2015;1; 5.160 ; 89,10 ;;
AT13;92300;92300;2015;2015;1; 2.751 ; 91,84 ;;
AT13;90000;90000;2016;2016;1; 75.520 ; 118,71 ;;
AT13;90100;90100;2016;2016;1; 217 ; 41,77 ;;
AT13;90200;90200;2016;2016;1; 4.309 ; 116,27 ;;
AT13;90300;90300;2016;2016;1; 3.135 ; 99,20 ;;
AT13;90400;90400;2016;2016;1; 1.499 ; 128,59 ;;
AT13;90500;90500;2016;2016;1; 2.547 ; 122,90 ;;
AT13;90600;90600;2016;2016;1; 1.298 ; 110,20 ;;
AT13;90700;90700;2016;2016;1; 880 ; 73,40 ;;
AT13;90800;90800;2016;2016;1; 720 ; 74,38 ;;
AT13;90900;90900;2016;2016;1; 1.170 ; 76,37 ;;
AT13;91000;91000;2016;2016;1; 10.760 ; 157,13 ;;
AT13;91100;91100;2016;2016;1; 4.561 ; 135,54 ;;
AT13;91200;91200;2016;2016;1; 4.863 ; 146,58 ;;
AT13;91300;91300;2016;2016;1; 1.327 ; 80,88 ;;
AT13;91400;91400;2016;2016;1; 3.329 ; 108,87 ;;
AT13;91500;91500;2016;2016;1; 4.518 ; 150,84 ;;
AT13;91600;91600;2016;2016;1; 4.960 ; 133,76 ;;
AT13;91700;91700;2016;2016;1; 2.479 ; 123,16 ;;
AT13;91800;91800;2016;2016;1; 1.433 ; 87,49 ;;
AT13;91900;91900;2016;2016;1; 1.998 ; 90,98 ;;
AT13;92000;92000;2016;2016;1; 4.739 ; 153,84 ;;
AT13;92100;92100;2016;2016;1; 6.574 ; 126,45 ;;
AT13;92200;92200;2016;2016;1; 5.272 ; 88,26 ;;
AT13;92300;92300;2016;2016;1; 2.933 ; 95,06 ;;
AT13;90000;90000;2017;2017;1; 89.521 ; 138,51 ;;
AT13;90100;90100;2017;2017;1; 251 ; 48,47 ;;
AT13;90200;90200;2017;2017;1; 5.258 ; 140,17 ;;
AT13;90300;90300;2017;2017;1; 3.713 ; 116,73 ;;
AT13;90400;90400;2017;2017;1; 1.685 ; 142,77 ;;
AT13;90500;90500;2017;2017;1; 2.953 ; 141,24 ;;
AT13;90600;90600;2017;2017;1; 1.486 ; 124,22 ;;
AT13;90700;90700;2017;2017;1; 1.037 ; 86,57 ;;
AT13;90800;90800;2017;2017;1; 796 ; 81,00 ;;
AT13;90900;90900;2017;2017;1; 1.407 ; 90,55 ;;
AT13;91000;91000;2017;2017;1; 12.793 ; 182,72 ;;
AT13;91100;91100;2017;2017;1; 5.423 ; 157,39 ;;
AT13;91200;91200;2017;2017;1; 5.758 ; 169,45 ;;
AT13;91300;91300;2017;2017;1; 1.516 ; 91,66 ;;
AT13;91400;91400;2017;2017;1; 3.904 ; 126,44 ;;
AT13;91500;91500;2017;2017;1; 5.237 ; 173,88 ;;
AT13;91600;91600;2017;2017;1; 5.962 ; 158,97 ;;
AT13;91700;91700;2017;2017;1; 2.893 ; 142,37 ;;
AT13;91800;91800;2017;2017;1; 1.742 ; 103,72 ;;
AT13;91900;91900;2017;2017;1; 2.410 ; 107,93 ;;
AT13;92000;92000;2017;2017;1; 5.645 ; 181,40 ;;
AT13;92100;92100;2017;2017;1; 7.800 ; 146,92 ;;
AT13;92200;92200;2017;2017;1; 6.350 ; 104,19 ;;
AT13;92300;92300;2017;2017;1; 3.502 ; 110,42 ;;
AT13;90000;90000;2018;2018;1; 84.086 ; 129,17 ;;
AT13;90100;90100;2018;2018;1; 224 ; 43,18 ;;
AT13;90200;90200;2018;2018;1; 4.944 ; 132,10 ;;
AT13;90300;90300;2018;2018;1; 3.441 ; 107,44 ;;
AT13;90400;90400;2018;2018;1; 1.527 ; 129,14 ;;
AT13;90500;90500;2018;2018;1; 2.712 ; 129,46 ;;
AT13;90600;90600;2018;2018;1; 1.380 ; 114,98 ;;
AT13;90700;90700;2018;2018;1; 1.010 ; 84,44 ;;
AT13;90800;90800;2018;2018;1; 773 ; 79,72 ;;
AT13;90900;90900;2018;2018;1; 1.296 ; 84,70 ;;
AT13;91000;91000;2018;2018;1; 12.004 ; 168,34 ;;
AT13;91100;91100;2018;2018;1; 5.167 ; 148,28 ;;
AT13;91200;91200;2018;2018;1; 5.426 ; 157,94 ;;
AT13;91300;91300;2018;2018;1; 1.441 ; 87,79 ;;
AT13;91400;91400;2018;2018;1; 3.684 ; 118,68 ;;
AT13;91500;91500;2018;2018;1; 4.853 ; 162,86 ;;
AT13;91600;91600;2018;2018;1; 5.463 ; 145,75 ;;
AT13;91700;91700;2018;2018;1; 2.655 ; 130,70 ;;
AT13;91800;91800;2018;2018;1; 1.600 ; 94,82 ;;
AT13;91900;91900;2018;2018;1; 2.282 ; 102,02 ;;
AT13;92000;92000;2018;2018;1; 5.260 ; 169,59 ;;
AT13;92100;92100;2018;2018;1; 7.380 ; 136,53 ;;
AT13;92200;92200;2018;2018;1; 6.144 ; 99,03 ;;
AT13;92300;92300;2018;2018;1; 3.418 ; 104,62 ;;
AT13;90000;90000;2019;2019;1; 78.312 ; 119,62 ;;
AT13;90100;90100;2019;2019;1; 204 ; 39,70 ;;
AT13;90200;90200;2019;2019;1; 4.670 ; 124,81 ;;
AT13;90300;90300;2019;2019;1; 3.194 ; 98,85 ;;
AT13;90400;90400;2019;2019;1; 1.330 ; 113,50 ;;
AT13;90500;90500;2019;2019;1; 2.567 ; 124,22 ;;
AT13;90600;90600;2019;2019;1; 1.253 ; 105,36 ;;
AT13;90700;90700;2019;2019;1; 885 ; 75,21 ;;
AT13;90800;90800;2019;2019;1; 693 ; 72,32 ;;
AT13;90900;90900;2019;2019;1; 1.135 ; 75,22 ;;
AT13;91000;91000;2019;2019;1; 11.001 ; 152,32 ;;
AT13;91100;91100;2019;2019;1; 4.933 ; 138,51 ;;
AT13;91200;91200;2019;2019;1; 5.116 ; 148,70 ;;
AT13;91300;91300;2019;2019;1; 1.386 ; 85,37 ;;
AT13;91400;91400;2019;2019;1; 3.374 ; 108,05 ;;
AT13;91500;91500;2019;2019;1; 4.371 ; 148,51 ;;
AT13;91600;91600;2019;2019;1; 4.926 ; 132,44 ;;
AT13;91700;91700;2019;2019;1; 2.419 ; 120,55 ;;
AT13;91800;91800;2019;2019;1; 1.446 ; 85,90 ;;
AT13;91900;91900;2019;2019;1; 2.091 ; 92,12 ;;
AT13;92000;92000;2019;2019;1; 4.976 ; 160,90 ;;
AT13;92100;92100;2019;2019;1; 6.943 ; 126,42 ;;
AT13;92200;92200;2019;2019;1; 6.006 ; 94,53 ;;
AT13;92300;92300;2019;2019;1; 3.395 ; 100,47 ;;
AT13;90000;90000;2020;2020;1; 97.146 ; 147,36 ;;
AT13;90100;90100;2020;2020;1; 277 ; 54,60 ;;
AT13;90200;90200;2020;2020;1; 5.613 ; 149,07 ;;
AT13;90300;90300;2020;2020;1; 4.118 ; 126,52 ;;
AT13;90400;90400;2020;2020;1; 1.596 ; 137,50 ;;
AT13;90500;90500;2020;2020;1; 3.179 ; 154,68 ;;
AT13;90600;90600;2020;2020;1; 1.464 ; 125,62 ;;
AT13;90700;90700;2020;2020;1; 1.103 ; 94,61 ;;
AT13;90800;90800;2020;2020;1; 828 ; 90,06 ;;
AT13;90900;90900;2020;2020;1; 1.397 ; 93,50 ;;
AT13;91000;91000;2020;2020;1; 13.763 ; 187,37 ;;
AT13;91100;91100;2020;2020;1; 6.049 ; 168,51 ;;
AT13;91200;91200;2020;2020;1; 6.234 ; 180,57 ;;
AT13;91300;91300;2020;2020;1; 1.734 ; 106,43 ;;
AT13;91400;91400;2020;2020;1; 4.274 ; 136,86 ;;
AT13;91500;91500;2020;2020;1; 5.319 ; 181,81 ;;
AT13;91600;91600;2020;2020;1; 6.126 ; 165,22 ;;
AT13;91700;91700;2020;2020;1; 2.965 ; 149,19 ;;
AT13;91800;91800;2020;2020;1; 1.804 ; 106,89 ;;
AT13;91900;91900;2020;2020;1; 2.580 ; 112,13 ;;
AT13;92000;92000;2020;2020;1; 5.852 ; 190,05 ;;
AT13;92100;92100;2020;2020;1; 8.936 ; 158,72 ;;
AT13;92200;92200;2020;2020;1; 7.688 ; 118,15 ;;
AT13;92300;92300;2020;2020;1; 4.247 ; 122,32 ;;
AT13;90000;90000;2021;2021;1; 87.068 ; 131,25 ;;
AT13;90100;90100;2021;2021;1; 241 ; 47,58 ;;
AT13;90200;90200;2021;2021;1; 4.900 ; 131,05 ;;
AT13;90300;90300;2021;2021;1; 3.636 ; 110,72 ;;
AT13;90400;90400;2021;2021;1; 1.389 ; 119,48 ;;
AT13;90500;90500;2021;2021;1; 2.805 ; 137,99 ;;
AT13;90600;90600;2021;2021;1; 1.215 ; 106,42 ;;
AT13;90700;90700;2021;2021;1; 961 ; 83,26 ;;
AT13;90800;90800;2021;2021;1; 714 ; 79,54 ;;
AT13;90900;90900;2021;2021;1; 1.196 ; 80,93 ;;
AT13;91000;91000;2021;2021;1; 12.736 ; 169,87 ;;
AT13;91100;91100;2021;2021;1; 5.463 ; 150,90 ;;
AT13;91200;91200;2021;2021;1; 5.602 ; 161,42 ;;
AT13;91300;91300;2021;2021;1; 1.554 ; 95,58 ;;
AT13;91400;91400;2021;2021;1; 3.812 ; 122,76 ;;
AT13;91500;91500;2021;2021;1; 4.692 ; 160,69 ;;
AT13;91600;91600;2021;2021;1; 5.447 ; 147,69 ;;
AT13;91700;91700;2021;2021;1; 2.581 ; 131,30 ;;
AT13;91800;91800;2021;2021;1; 1.554 ; 92,97 ;;
AT13;91900;91900;2021;2021;1; 2.344 ; 101,63 ;;
AT13;92000;92000;2021;2021;1; 5.151 ; 168,79 ;;
AT13;92100;92100;2021;2021;1; 8.240 ; 141,15 ;;
AT13;92200;92200;2021;2021;1; 6.950 ; 104,87 ;;
AT13;92300;92300;2021;2021;1; 3.883 ; 109,28 ;;
AT13;90000;90000;2022;2022;1; 77.482 ; 114,59 ;;
AT13;90100;90100;2022;2022;1; 197 ; 38,51 ;;
AT13;90200;90200;2022;2022;1; 4.245 ; 112,24 ;;
AT13;90300;90300;2022;2022;1; 3.038 ; 91,05 ;;
AT13;90400;90400;2022;2022;1; 1.155 ; 98,53 ;;
AT13;90500;90500;2022;2022;1; 2.527 ; 123,44 ;;
AT13;90600;90600;2022;2022;1; 969 ; 85,23 ;;
AT13;90700;90700;2022;2022;1; 768 ; 66,61 ;;
AT13;90800;90800;2022;2022;1; 543 ; 60,68 ;;
AT13;90900;90900;2022;2022;1; 1.010 ; 68,18 ;;
AT13;91000;91000;2022;2022;1; 12.161 ; 157,39 ;;
AT13;91100;91100;2022;2022;1; 4.881 ; 131,42 ;;
AT13;91200;91200;2022;2022;1; 5.102 ; 144,35 ;;
AT13;91300;91300;2022;2022;1; 1.281 ; 76,81 ;;
AT13;91400;91400;2022;2022;1; 3.452 ; 108,71 ;;
AT13;91500;91500;2022;2022;1; 4.218 ; 144,69 ;;
AT13;91600;91600;2022;2022;1; 5.012 ; 134,90 ;;
AT13;91700;91700;2022;2022;1; 2.312 ; 118,20 ;;
AT13;91800;91800;2022;2022;1; 1.349 ; 80,65 ;;
AT13;91900;91900;2022;2022;1; 1.984 ; 85,17 ;;
AT13;92000;92000;2022;2022;1; 4.709 ; 152,83 ;;
AT13;92100;92100;2022;2022;1; 7.191 ; 119,24 ;;
AT13;92200;92200;2022;2022;1; 6.022 ; 87,33 ;;
AT13;92300;92300;2022;2022;1; 3.355 ; 91,11 ;;
AT13;90000;90000;2023;2023;1; 81.297 ; 117,74 ;;
AT13;90100;90100;2023;2023;1; 194 ; 37,57 ;;
AT13;90200;90200;2023;2023;1; 4.384 ; 112,68 ;;
AT13;90300;90300;2023;2023;1; 3.240 ; 94,37 ;;
AT13;90400;90400;2023;2023;1; 1.155 ; 98,17 ;;
AT13;90500;90500;2023;2023;1; 2.657 ; 128,04 ;;
AT13;90600;90600;2023;2023;1; 999 ; 87,33 ;;
AT13;90700;90700;2023;2023;1; 808 ; 69,90 ;;
AT13;90800;90800;2023;2023;1; 547 ; 61,06 ;;
AT13;90900;90900;2023;2023;1; 1.013 ; 68,78 ;;
AT13;91000;91000;2023;2023;1; 13.010 ; 164,27 ;;
AT13;91100;91100;2023;2023;1; 5.149 ; 135,38 ;;
AT13;91200;91200;2023;2023;1; 5.304 ; 146,61 ;;
AT13;91300;91300;2023;2023;1; 1.335 ; 79,02 ;;
AT13;91400;91400;2023;2023;1; 3.638 ; 111,01 ;;
AT13;91500;91500;2023;2023;1; 4.552 ; 154,23 ;;
AT13;91600;91600;2023;2023;1; 5.208 ; 138,62 ;;
AT13;91700;91700;2023;2023;1; 2.408 ; 121,92 ;;
AT13;91800;91800;2023;2023;1; 1.341 ; 80,30 ;;
AT13;91900;91900;2023;2023;1; 2.036 ; 86,77 ;;
AT13;92000;92000;2023;2023;1; 4.996 ; 158,40 ;;
AT13;92100;92100;2023;2023;1; 7.423 ; 120,71 ;;
AT13;92200;92200;2023;2023;1; 6.327 ; 87,96 ;;
AT13;92300;92300;2023;2023;1; 3.574 ; 94,43 ;;
AT12;90000;90000;2002;2002;2; 29.928 ; 53,46 ;;
AT13;90100;90100;2002;2002;2; 201 ; 32,64 ;;
AT13;90200;90200;2002;2002;2; 1.851 ; 60,70 ;;
AT13;90300;90300;2002;2002;2; 1.554 ; 53,20 ;;
AT13;90400;90400;2002;2002;2; 472 ; 45,21 ;;
AT13;90500;90500;2002;2002;2; 1.147 ; 64,45 ;;
AT13;90600;90600;2002;2002;2; 527 ; 49,41 ;;
AT13;90700;90700;2002;2002;2; 526 ; 48,03 ;;
AT13;90800;90800;2002;2002;2; 363 ; 42,90 ;;
AT13;90900;90900;2002;2002;2; 569 ; 40,27 ;;
AT13;91000;91000;2002;2002;2; 3.300 ; 61,76 ;;
AT13;91100;91100;2002;2002;2; 1.792 ; 62,89 ;;
AT13;91200;91200;2002;2002;2; 1.708 ; 61,47 ;;
AT13;91300;91300;2002;2002;2; 565 ; 32,67 ;;
AT13;91400;91400;2002;2002;2; 1.301 ; 46,07 ;;
AT13;91500;91500;2002;2002;2; 1.403 ; 59,62 ;;
AT13;91600;91600;2002;2002;2; 1.800 ; 57,91 ;;
AT13;91700;91700;2002;2002;2; 979 ; 56,60 ;;
AT13;91800;91800;2002;2002;2; 731 ; 44,84 ;;
AT13;91900;91900;2002;2002;2; 934 ; 40,90 ;;
AT13;92000;92000;2002;2002;2; 1.675 ; 62,56 ;;
AT13;92100;92100;2002;2002;2; 2.699 ; 58,08 ;;
AT13;92200;92200;2002;2002;2; 2.553 ; 50,37 ;;
AT13;92300;92300;2002;2002;2; 1.281 ; 40,93 ;;
AT13;90000;90000;2003;2003;2; 31.834 ; 55,94 ;;
AT13;90100;90100;2003;2003;2; 209 ; 33,80 ;;
AT13;90200;90200;2003;2003;2; 1.954 ; 62,91 ;;
AT13;90300;90300;2003;2003;2; 1.633 ; 55,13 ;;
AT13;90400;90400;2003;2003;2; 476 ; 44,98 ;;
AT13;90500;90500;2003;2003;2; 1.195 ; 65,76 ;;
AT13;90600;90600;2003;2003;2; 544 ; 50,31 ;;
AT13;90700;90700;2003;2003;2; 528 ; 47,60 ;;
AT13;90800;90800;2003;2003;2; 372 ; 42,91 ;;
AT13;90900;90900;2003;2003;2; 623 ; 43,68 ;;
AT13;91000;91000;2003;2003;2; 3.487 ; 63,91 ;;
AT13;91100;91100;2003;2003;2; 1.891 ; 65,50 ;;
AT13;91200;91200;2003;2003;2; 1.858 ; 65,31 ;;
AT13;91300;91300;2003;2003;2; 604 ; 34,58 ;;
AT13;91400;91400;2003;2003;2; 1.403 ; 49,02 ;;
AT13;91500;91500;2003;2003;2; 1.490 ; 62,21 ;;
AT13;91600;91600;2003;2003;2; 2.004 ; 63,56 ;;
AT13;91700;91700;2003;2003;2; 1.052 ; 59,43 ;;
AT13;91800;91800;2003;2003;2; 807 ; 48,82 ;;
AT13;91900;91900;2003;2003;2; 1.043 ; 45,17 ;;
AT13;92000;92000;2003;2003;2; 1.818 ; 66,56 ;;
AT13;92100;92100;2003;2003;2; 2.823 ; 59,63 ;;
AT13;92200;92200;2003;2003;2; 2.662 ; 51,63 ;;
AT13;92300;92300;2003;2003;2; 1.358 ; 42,98 ;;
AT13;90000;90000;2004;2004;2; 32.742 ; 56,88 ;;
AT13;90100;90100;2004;2004;2; 198 ; 32,42 ;;
AT13;90200;90200;2004;2004;2; 1.853 ; 59,09 ;;
AT13;90300;90300;2004;2004;2; 1.690 ; 56,40 ;;
AT13;90400;90400;2004;2004;2; 440 ; 41,16 ;;
AT13;90500;90500;2004;2004;2; 1.153 ; 62,32 ;;
AT13;90600;90600;2004;2004;2; 544 ; 50,05 ;;
AT13;90700;90700;2004;2004;2; 501 ; 45,14 ;;
AT13;90800;90800;2004;2004;2; 342 ; 38,91 ;;
AT13;90900;90900;2004;2004;2; 666 ; 45,94 ;;
AT13;91000;91000;2004;2004;2; 3.815 ; 68,35 ;;
AT13;91100;91100;2004;2004;2; 1.934 ; 66,62 ;;
AT13;91200;91200;2004;2004;2; 2.017 ; 69,67 ;;
AT13;91300;91300;2004;2004;2; 660 ; 37,70 ;;
AT13;91400;91400;2004;2004;2; 1.533 ; 53,05 ;;
AT13;91500;91500;2004;2004;2; 1.643 ; 67,63 ;;
AT13;91600;91600;2004;2004;2; 2.018 ; 63,02 ;;
AT13;91700;91700;2004;2004;2; 1.080 ; 59,60 ;;
AT13;91800;91800;2004;2004;2; 805 ; 48,36 ;;
AT13;91900;91900;2004;2004;2; 1.083 ; 46,67 ;;
AT13;92000;92000;2004;2004;2; 1.706 ; 61,43 ;;
AT13;92100;92100;2004;2004;2; 2.900 ; 60,90 ;;
AT13;92200;92200;2004;2004;2; 2.730 ; 52,30 ;;
AT13;92300;92300;2004;2004;2; 1.430 ; 45,14 ;;
AT13;90000;90000;2005;2005;2; 32.810 ; 56,60 ;;
AT13;90100;90100;2005;2005;2; 184 ; 30,47 ;;
AT13;90200;90200;2005;2005;2; 1.868 ; 59,52 ;;
AT13;90300;90300;2005;2005;2; 1.783 ; 59,27 ;;
AT13;90400;90400;2005;2005;2; 416 ; 38,64 ;;
AT13;90500;90500;2005;2005;2; 1.098 ; 58,43 ;;
AT13;90600;90600;2005;2005;2; 525 ; 47,87 ;;
AT13;90700;90700;2005;2005;2; 474 ; 42,04 ;;
AT13;90800;90800;2005;2005;2; 322 ; 36,50 ;;
AT13;90900;90900;2005;2005;2; 632 ; 43,43 ;;
AT13;91000;91000;2005;2005;2; 3.953 ; 69,51 ;;
AT13;91100;91100;2005;2005;2; 1.996 ; 68,71 ;;
AT13;91200;91200;2005;2005;2; 2.019 ; 69,08 ;;
AT13;91300;91300;2005;2005;2; 652 ; 37,56 ;;
AT13;91400;91400;2005;2005;2; 1.522 ; 52,08 ;;
AT13;91500;91500;2005;2005;2; 1.721 ; 69,77 ;;
AT13;91600;91600;2005;2005;2; 2.068 ; 63,38 ;;
AT13;91700;91700;2005;2005;2; 1.077 ; 58,81 ;;
AT13;91800;91800;2005;2005;2; 814 ; 48,56 ;;
AT13;91900;91900;2005;2005;2; 1.060 ; 45,78 ;;
AT13;92000;92000;2005;2005;2; 1.794 ; 64,04 ;;
AT13;92100;92100;2005;2005;2; 2.752 ; 57,92 ;;
AT13;92200;92200;2005;2005;2; 2.646 ; 50,40 ;;
AT13;92300;92300;2005;2005;2; 1.431 ; 45,18 ;;
AT13;90000;90000;2006;2006;2; 31.165 ; 53,49 ;;
AT13;90100;90100;2006;2006;2; 160 ; 26,80 ;;
AT13;90200;90200;2006;2006;2; 1.820 ; 57,22 ;;
AT13;90300;90300;2006;2006;2; 1.642 ; 54,49 ;;
AT13;90400;90400;2006;2006;2; 389 ; 35,79 ;;
AT13;90500;90500;2006;2006;2; 1.068 ; 56,68 ;;
AT13;90600;90600;2006;2006;2; 461 ; 41,78 ;;
AT13;90700;90700;2006;2006;2; 431 ; 37,72 ;;
AT13;90800;90800;2006;2006;2; 284 ; 32,16 ;;
AT13;90900;90900;2006;2006;2; 567 ; 39,19 ;;
AT13;91000;91000;2006;2006;2; 3.763 ; 65,35 ;;
AT13;91100;91100;2006;2006;2; 1.845 ; 63,91 ;;
AT13;91200;91200;2006;2006;2; 1.881 ; 64,11 ;;
AT13;91300;91300;2006;2006;2; 615 ; 35,73 ;;
AT13;91400;91400;2006;2006;2; 1.513 ; 51,59 ;;
AT13;91500;91500;2006;2006;2; 1.706 ; 68,90 ;;
AT13;91600;91600;2006;2006;2; 2.042 ; 62,19 ;;
AT13;91700;91700;2006;2006;2; 1.069 ; 57,54 ;;
AT13;91800;91800;2006;2006;2; 771 ; 45,72 ;;
AT13;91900;91900;2006;2006;2; 911 ; 39,32 ;;
AT13;92000;92000;2006;2006;2; 1.703 ; 60,56 ;;
AT13;92100;92100;2006;2006;2; 2.666 ; 55,86 ;;
AT13;92200;92200;2006;2006;2; 2.462 ; 46,58 ;;
AT13;92300;92300;2006;2006;2; 1.395 ; 43,62 ;;
AT13;90000;90000;2007;2007;2; 28.884 ; 49,42 ;;
AT13;90100;90100;2007;2007;2; 159 ; 27,21 ;;
AT13;90200;90200;2007;2007;2; 1.636 ; 51,39 ;;
AT13;90300;90300;2007;2007;2; 1.536 ; 51,21 ;;
AT13;90400;90400;2007;2007;2; 400 ; 36,73 ;;
AT13;90500;90500;2007;2007;2; 999 ; 52,83 ;;
AT13;90600;90600;2007;2007;2; 458 ; 41,40 ;;
AT13;90700;90700;2007;2007;2; 428 ; 37,10 ;;
AT13;90800;90800;2007;2007;2; 274 ; 31,13 ;;
AT13;90900;90900;2007;2007;2; 469 ; 32,11 ;;
AT13;91000;91000;2007;2007;2; 3.486 ; 59,98 ;;
AT13;91100;91100;2007;2007;2; 1.767 ; 60,22 ;;
AT13;91200;91200;2007;2007;2; 1.846 ; 62,65 ;;
AT13;91300;91300;2007;2007;2; 566 ; 33,18 ;;
AT13;91400;91400;2007;2007;2; 1.424 ; 48,56 ;;
AT13;91500;91500;2007;2007;2; 1.584 ; 63,87 ;;
AT13;91600;91600;2007;2007;2; 1.836 ; 55,76 ;;
AT13;91700;91700;2007;2007;2; 958 ; 51,75 ;;
AT13;91800;91800;2007;2007;2; 704 ; 41,72 ;;
AT13;91900;91900;2007;2007;2; 784 ; 34,04 ;;
AT13;92000;92000;2007;2007;2; 1.548 ; 54,86 ;;
AT13;92100;92100;2007;2007;2; 2.498 ; 52,04 ;;
AT13;92200;92200;2007;2007;2; 2.188 ; 41,00 ;;
AT13;92300;92300;2007;2007;2; 1.337 ; 41,78 ;;
AT13;90000;90000;2008;2008;2; 26.885 ; 45,78 ;;
AT13;90100;90100;2008;2008;2; 138 ; 24,20 ;;
AT13;90200;90200;2008;2008;2; 1.499 ; 47,15 ;;
AT13;90300;90300;2008;2008;2; 1.428 ; 47,85 ;;
AT13;90400;90400;2008;2008;2; 379 ; 34,56 ;;
AT13;90500;90500;2008;2008;2; 932 ; 48,93 ;;
AT13;90600;90600;2008;2008;2; 446 ; 40,45 ;;
AT13;90700;90700;2008;2008;2; 411 ; 35,35 ;;
AT13;90800;90800;2008;2008;2; 254 ; 28,85 ;;
AT13;90900;90900;2008;2008;2; 443 ; 30,15 ;;
AT13;91000;91000;2008;2008;2; 3.178 ; 54,20 ;;
AT13;91100;91100;2008;2008;2; 1.689 ; 55,74 ;;
AT13;91200;91200;2008;2008;2; 1.755 ; 58,73 ;;
AT13;91300;91300;2008;2008;2; 555 ; 32,88 ;;
AT13;91400;91400;2008;2008;2; 1.362 ; 46,49 ;;
AT13;91500;91500;2008;2008;2; 1.503 ; 60,16 ;;
AT13;91600;91600;2008;2008;2; 1.717 ; 51,98 ;;
AT13;91700;91700;2008;2008;2; 872 ; 47,28 ;;
AT13;91800;91800;2008;2008;2; 666 ; 39,39 ;;
AT13;91900;91900;2008;2008;2; 712 ; 31,06 ;;
AT13;92000;92000;2008;2008;2; 1.410 ; 49,81 ;;
AT13;92100;92100;2008;2008;2; 2.271 ; 47,07 ;;
AT13;92200;92200;2008;2008;2; 1.998 ; 37,05 ;;
AT13;92300;92300;2008;2008;2; 1.269 ; 39,58 ;;
AT13;90000;90000;2009;2009;2; 28.621 ; 48,59 ;;
AT13;90100;90100;2009;2009;2; 153 ; 27,50 ;;
AT13;90200;90200;2009;2009;2; 1.627 ; 50,67 ;;
AT13;90300;90300;2009;2009;2; 1.511 ; 50,75 ;;
AT13;90400;90400;2009;2009;2; 410 ; 37,38 ;;
AT13;90500;90500;2009;2009;2; 949 ; 49,77 ;;
AT13;90600;90600;2009;2009;2; 463 ; 42,28 ;;
AT13;90700;90700;2009;2009;2; 454 ; 39,15 ;;
AT13;90800;90800;2009;2009;2; 265 ; 30,20 ;;
AT13;90900;90900;2009;2009;2; 433 ; 29,47 ;;
AT13;91000;91000;2009;2009;2; 3.412 ; 57,71 ;;
AT13;91100;91100;2009;2009;2; 1.855 ; 59,94 ;;
AT13;91200;91200;2009;2009;2; 1.861 ; 61,73 ;;
AT13;91300;91300;2009;2009;2; 588 ; 35,18 ;;
AT13;91400;91400;2009;2009;2; 1.435 ; 49,09 ;;
AT13;91500;91500;2009;2009;2; 1.577 ; 62,66 ;;
AT13;91600;91600;2009;2009;2; 1.785 ; 53,61 ;;
AT13;91700;91700;2009;2009;2; 909 ; 49,25 ;;
AT13;91800;91800;2009;2009;2; 684 ; 40,50 ;;
AT13;91900;91900;2009;2009;2; 737 ; 32,68 ;;
AT13;92000;92000;2009;2009;2; 1.586 ; 55,86 ;;
AT13;92100;92100;2009;2009;2; 2.370 ; 49,03 ;;
AT13;92200;92200;2009;2009;2; 2.143 ; 39,35 ;;
AT13;92300;92300;2009;2009;2; 1.415 ; 44,45 ;;
AT13;90000;90000;2010;2010;2; 29.946 ; 50,57 ;;
AT13;90100;90100;2010;2010;2; 160 ; 29,28 ;;
AT13;90200;90200;2010;2010;2; 1.708 ; 52,54 ;;
AT13;90300;90300;2010;2010;2; 1.548 ; 51,60 ;;
AT13;90400;90400;2010;2010;2; 416 ; 37,71 ;;
AT13;90500;90500;2010;2010;2; 999 ; 52,16 ;;
AT13;90600;90600;2010;2010;2; 474 ; 43,26 ;;
AT13;90700;90700;2010;2010;2; 482 ; 41,50 ;;
AT13;90800;90800;2010;2010;2; 288 ; 33,37 ;;
AT13;90900;90900;2010;2010;2; 480 ; 32,56 ;;
AT13;91000;91000;2010;2010;2; 3.599 ; 60,42 ;;
AT13;91100;91100;2010;2010;2; 1.956 ; 62,38 ;;
AT13;91200;91200;2010;2010;2; 1.981 ; 65,26 ;;
AT13;91300;91300;2010;2010;2; 601 ; 36,30 ;;
AT13;91400;91400;2010;2010;2; 1.455 ; 49,70 ;;
AT13;91500;91500;2010;2010;2; 1.589 ; 62,64 ;;
AT13;91600;91600;2010;2010;2; 1.770 ; 53,17 ;;
AT13;91700;91700;2010;2010;2; 908 ; 49,25 ;;
AT13;91800;91800;2010;2010;2; 679 ; 40,19 ;;
AT13;91900;91900;2010;2010;2; 812 ; 36,09 ;;
AT13;92000;92000;2010;2010;2; 1.681 ; 58,90 ;;
AT13;92100;92100;2010;2010;2; 2.608 ; 53,48 ;;
AT13;92200;92200;2010;2010;2; 2.279 ; 41,22 ;;
AT13;92300;92300;2010;2010;2; 1.474 ; 46,15 ;;
AT13;90000;90000;2011;2011;2; 32.686 ; 54,69 ;;
AT13;90100;90100;2011;2011;2; 144 ; 26,54 ;;
AT13;90200;90200;2011;2011;2; 1.889 ; 57,67 ;;
AT13;90300;90300;2011;2011;2; 1.656 ; 54,68 ;;
AT13;90400;90400;2011;2011;2; 472 ; 42,49 ;;
AT13;90500;90500;2011;2011;2; 1.087 ; 56,58 ;;
AT13;90600;90600;2011;2011;2; 508 ; 45,97 ;;
AT13;90700;90700;2011;2011;2; 493 ; 42,20 ;;
AT13;90800;90800;2011;2011;2; 305 ; 34,93 ;;
AT13;90900;90900;2011;2011;2; 559 ; 37,88 ;;
AT13;91000;91000;2011;2011;2; 4.150 ; 68,86 ;;
AT13;91100;91100;2011;2011;2; 2.130 ; 67,32 ;;
AT13;91200;91200;2011;2011;2; 2.117 ; 69,12 ;;
AT13;91300;91300;2011;2011;2; 648 ; 39,09 ;;
AT13;91400;91400;2011;2011;2; 1.583 ; 53,63 ;;
AT13;91500;91500;2011;2011;2; 1.758 ; 69,08 ;;
AT13;91600;91600;2011;2011;2; 1.967 ; 58,63 ;;
AT13;91700;91700;2011;2011;2; 984 ; 53,01 ;;
AT13;91800;91800;2011;2011;2; 711 ; 42,03 ;;
AT13;91900;91900;2011;2011;2; 954 ; 42,28 ;;
AT13;92000;92000;2011;2011;2; 1.885 ; 65,61 ;;
AT13;92100;92100;2011;2011;2; 2.742 ; 55,41 ;;
AT13;92200;92200;2011;2011;2; 2.396 ; 42,37 ;;
AT13;92300;92300;2011;2011;2; 1.549 ; 48,03 ;;
AT13;90000;90000;2012;2012;2; 33.994 ; 56,36 ;;
AT13;90100;90100;2012;2012;2; 146 ; 27,13 ;;
AT13;90200;90200;2012;2012;2; 2.025 ; 60,90 ;;
AT13;90300;90300;2012;2012;2; 1.753 ; 56,98 ;;
AT13;90400;90400;2012;2012;2; 466 ; 41,55 ;;
AT13;90500;90500;2012;2012;2; 1.112 ; 57,75 ;;
AT13;90600;90600;2012;2012;2; 525 ; 47,03 ;;
AT13;90700;90700;2012;2012;2; 485 ; 41,58 ;;
AT13;90800;90800;2012;2012;2; 298 ; 34,15 ;;
AT13;90900;90900;2012;2012;2; 541 ; 36,49 ;;
AT13;91000;91000;2012;2012;2; 4.293 ; 70,42 ;;
AT13;91100;91100;2012;2012;2; 2.269 ; 71,30 ;;
AT13;91200;91200;2012;2012;2; 2.141 ; 69,39 ;;
AT13;91300;91300;2012;2012;2; 710 ; 42,95 ;;
AT13;91400;91400;2012;2012;2; 1.661 ; 56,10 ;;
AT13;91500;91500;2012;2012;2; 1.849 ; 71,38 ;;
AT13;91600;91600;2012;2012;2; 2.023 ; 59,86 ;;
AT13;91700;91700;2012;2012;2; 1.027 ; 54,95 ;;
AT13;91800;91800;2012;2012;2; 736 ; 43,04 ;;
AT13;91900;91900;2012;2012;2; 975 ; 43,14 ;;
AT13;92000;92000;2012;2012;2; 2.003 ; 69,30 ;;
AT13;92100;92100;2012;2012;2; 2.799 ; 56,05 ;;
AT13;92200;92200;2012;2012;2; 2.586 ; 44,61 ;;
AT13;92300;92300;2012;2012;2; 1.570 ; 48,77 ;;
AT13;90000;90000;2013;2013;2; 36.798 ; 60,18 ;;
AT13;90100;90100;2013;2013;2; 128 ; 24,17 ;;
AT13;90200;90200;2013;2013;2; 2.214 ; 64,95 ;;
AT13;90300;90300;2013;2013;2; 1.758 ; 56,42 ;;
AT13;90400;90400;2013;2013;2; 491 ; 43,32 ;;
AT13;90500;90500;2013;2013;2; 1.213 ; 62,34 ;;
AT13;90600;90600;2013;2013;2; 585 ; 51,04 ;;
AT13;90700;90700;2013;2013;2; 519 ; 43,89 ;;
AT13;90800;90800;2013;2013;2; 334 ; 37,52 ;;
AT13;90900;90900;2013;2013;2; 607 ; 40,28 ;;
AT13;91000;91000;2013;2013;2; 4.549 ; 73,46 ;;
AT13;91100;91100;2013;2013;2; 2.517 ; 78,83 ;;
AT13;91200;91200;2013;2013;2; 2.261 ; 72,17 ;;
AT13;91300;91300;2013;2013;2; 730 ; 44,05 ;;
AT13;91400;91400;2013;2013;2; 1.789 ; 59,52 ;;
AT13;91500;91500;2013;2013;2; 1.956 ; 73,72 ;;
AT13;91600;91600;2013;2013;2; 2.232 ; 64,70 ;;
AT13;91700;91700;2013;2013;2; 1.133 ; 59,58 ;;
AT13;91800;91800;2013;2013;2; 778 ; 44,99 ;;
AT13;91900;91900;2013;2013;2; 1.055 ; 46,35 ;;
AT13;92000;92000;2013;2013;2; 2.134 ; 73,11 ;;
AT13;92100;92100;2013;2013;2; 3.233 ; 64,00 ;;
AT13;92200;92200;2013;2013;2; 2.956 ; 50,09 ;;
AT13;92300;92300;2013;2013;2; 1.626 ; 50,49 ;;
AT13;90000;90000;2014;2014;2; 42.708 ; 68,89 ;;
AT13;90100;90100;2014;2014;2; 150 ; 28,34 ;;
AT13;90200;90200;2014;2014;2; 2.604 ; 73,94 ;;
AT13;90300;90300;2014;2014;2; 1.960 ; 61,98 ;;
AT13;90400;90400;2014;2014;2; 556 ; 48,49 ;;
AT13;90500;90500;2014;2014;2; 1.394 ; 70,81 ;;
AT13;90600;90600;2014;2014;2; 668 ; 57,64 ;;
AT13;90700;90700;2014;2014;2; 589 ; 49,11 ;;
AT13;90800;90800;2014;2014;2; 376 ; 41,75 ;;
AT13;90900;90900;2014;2014;2; 676 ; 44,40 ;;
AT13;91000;91000;2014;2014;2; 5.442 ; 86,51 ;;
AT13;91100;91100;2014;2014;2; 2.768 ; 85,62 ;;
AT13;91200;91200;2014;2014;2; 2.633 ; 82,95 ;;
AT13;91300;91300;2014;2014;2; 848 ; 50,35 ;;
AT13;91400;91400;2014;2014;2; 2.096 ; 68,70 ;;
AT13;91500;91500;2014;2014;2; 2.238 ; 82,60 ;;
AT13;91600;91600;2014;2014;2; 2.533 ; 72,19 ;;
AT13;91700;91700;2014;2014;2; 1.301 ; 67,39 ;;
AT13;91800;91800;2014;2014;2; 872 ; 49,95 ;;
AT13;91900;91900;2014;2014;2; 1.223 ; 53,60 ;;
AT13;92000;92000;2014;2014;2; 2.576 ; 87,70 ;;
AT13;92100;92100;2014;2014;2; 3.869 ; 75,63 ;;
AT13;92200;92200;2014;2014;2; 3.517 ; 58,52 ;;
AT13;92300;92300;2014;2014;2; 1.823 ; 56,64 ;;
AT13;90000;90000;2015;2015;2; 50.444 ; 80,02 ;;
AT13;90100;90100;2015;2015;2; 156 ; 29,29 ;;
AT13;90200;90200;2015;2015;2; 2.911 ; 81,67 ;;
AT13;90300;90300;2015;2015;2; 2.108 ; 66,06 ;;
AT13;90400;90400;2015;2015;2; 735 ; 63,30 ;;
AT13;90500;90500;2015;2015;2; 1.665 ; 83,54 ;;
AT13;90600;90600;2015;2015;2; 782 ; 66,61 ;;
AT13;90700;90700;2015;2015;2; 673 ; 55,20 ;;
AT13;90800;90800;2015;2015;2; 416 ; 45,99 ;;
AT13;90900;90900;2015;2015;2; 779 ; 50,46 ;;
AT13;91000;91000;2015;2015;2; 6.720 ; 104,78 ;;
AT13;91100;91100;2015;2015;2; 3.272 ; 99,10 ;;
AT13;91200;91200;2015;2015;2; 3.084 ; 95,81 ;;
AT13;91300;91300;2015;2015;2; 992 ; 58,06 ;;
AT13;91400;91400;2015;2015;2; 2.340 ; 75,86 ;;
AT13;91500;91500;2015;2015;2; 2.693 ; 97,86 ;;
AT13;91600;91600;2015;2015;2; 3.032 ; 85,37 ;;
AT13;91700;91700;2015;2015;2; 1.522 ; 77,61 ;;
AT13;91800;91800;2015;2015;2; 1.037 ; 58,57 ;;
AT13;91900;91900;2015;2015;2; 1.474 ; 63,81 ;;
AT13;92000;92000;2015;2015;2; 3.012 ; 101,88 ;;
AT13;92100;92100;2015;2015;2; 4.597 ; 87,74 ;;
AT13;92200;92200;2015;2015;2; 4.316 ; 69,07 ;;
AT13;92300;92300;2015;2015;2; 2.129 ; 65,75 ;;
AT13;90000;90000;2016;2016;2; 52.855 ; 82,33 ;;
AT13;90100;90100;2016;2016;2; 164 ; 30,54 ;;
AT13;90200;90200;2016;2016;2; 2.986 ; 82,21 ;;
AT13;90300;90300;2016;2016;2; 2.191 ; 67,90 ;;
AT13;90400;90400;2016;2016;2; 766 ; 64,84 ;;
AT13;90500;90500;2016;2016;2; 1.745 ; 86,62 ;;
AT13;90600;90600;2016;2016;2; 809 ; 68,16 ;;
AT13;90700;90700;2016;2016;2; 683 ; 55,49 ;;
AT13;90800;90800;2016;2016;2; 419 ; 45,54 ;;
AT13;90900;90900;2016;2016;2; 820 ; 51,85 ;;
AT13;91000;91000;2016;2016;2; 7.208 ; 110,30 ;;
AT13;91100;91100;2016;2016;2; 3.503 ; 103,71 ;;
AT13;91200;91200;2016;2016;2; 3.294 ; 100,59 ;;
AT13;91300;91300;2016;2016;2; 1.042 ; 60,12 ;;
AT13;91400;91400;2016;2016;2; 2.429 ; 77,51 ;;
AT13;91500;91500;2016;2016;2; 2.704 ; 97,03 ;;
AT13;91600;91600;2016;2016;2; 3.099 ; 85,67 ;;
AT13;91700;91700;2016;2016;2; 1.554 ; 78,29 ;;
AT13;91800;91800;2016;2016;2; 1.059 ; 58,53 ;;
AT13;91900;91900;2016;2016;2; 1.509 ; 63,99 ;;
AT13;92000;92000;2016;2016;2; 3.092 ; 103,67 ;;
AT13;92100;92100;2016;2016;2; 4.791 ; 89,38 ;;
AT13;92200;92200;2016;2016;2; 4.657 ; 72,44 ;;
AT13;92300;92300;2016;2016;2; 2.329 ; 70,48 ;;
AT13;90000;90000;2017;2017;2; 65.606 ; 101,04 ;;
AT13;90100;90100;2017;2017;2; 193 ; 36,05 ;;
AT13;90200;90200;2017;2017;2; 3.715 ; 101,60 ;;
AT13;90300;90300;2017;2017;2; 2.651 ; 81,71 ;;
AT13;90400;90400;2017;2017;2; 894 ; 75,31 ;;
AT13;90500;90500;2017;2017;2; 2.076 ; 102,54 ;;
AT13;90600;90600;2017;2017;2; 966 ; 80,72 ;;
AT13;90700;90700;2017;2017;2; 800 ; 65,06 ;;
AT13;90800;90800;2017;2017;2; 497 ; 53,68 ;;
AT13;90900;90900;2017;2017;2; 1.000 ; 62,46 ;;
AT13;91000;91000;2017;2017;2; 8.850 ; 133,75 ;;
AT13;91100;91100;2017;2017;2; 4.565 ; 131,92 ;;
AT13;91200;91200;2017;2017;2; 4.096 ; 122,95 ;;
AT13;91300;91300;2017;2017;2; 1.211 ; 69,83 ;;
AT13;91400;91400;2017;2017;2; 2.851 ; 90,47 ;;
AT13;91500;91500;2017;2017;2; 3.301 ; 118,26 ;;
AT13;91600;91600;2017;2017;2; 3.865 ; 106,49 ;;
AT13;91700;91700;2017;2017;2; 1.928 ; 96,37 ;;
AT13;91800;91800;2017;2017;2; 1.357 ; 73,78 ;;
AT13;91900;91900;2017;2017;2; 1.842 ; 77,19 ;;
AT13;92000;92000;2017;2017;2; 3.910 ; 130,20 ;;
AT13;92100;92100;2017;2017;2; 6.141 ; 112,28 ;;
AT13;92200;92200;2017;2017;2; 5.933 ; 90,82 ;;
AT13;92300;92300;2017;2017;2; 2.962 ; 87,55 ;;
AT13;90000;90000;2018;2018;2; 63.606 ; 97,29 ;;
AT13;90100;90100;2018;2018;2; 182 ; 34,21 ;;
AT13;90200;90200;2018;2018;2; 3.653 ; 99,56 ;;
AT13;90300;90300;2018;2018;2; 2.559 ; 78,38 ;;
AT13;90400;90400;2018;2018;2; 831 ; 69,85 ;;
AT13;90500;90500;2018;2018;2; 1.969 ; 97,23 ;;
AT13;90600;90600;2018;2018;2; 911 ; 76,50 ;;
AT13;90700;90700;2018;2018;2; 781 ; 63,39 ;;
AT13;90800;90800;2018;2018;2; 493 ; 53,35 ;;
AT13;90900;90900;2018;2018;2; 921 ; 57,93 ;;
AT13;91000;91000;2018;2018;2; 8.622 ; 128,14 ;;
AT13;91100;91100;2018;2018;2; 4.483 ; 129,26 ;;
AT13;91200;91200;2018;2018;2; 4.088 ; 121,61 ;;
AT13;91300;91300;2018;2018;2; 1.151 ; 66,54 ;;
AT13;91400;91400;2018;2018;2; 2.724 ; 86,34 ;;
AT13;91500;91500;2018;2018;2; 3.158 ; 114,35 ;;
AT13;91600;91600;2018;2018;2; 3.662 ; 101,32 ;;
AT13;91700;91700;2018;2018;2; 1.852 ; 92,40 ;;
AT13;91800;91800;2018;2018;2; 1.313 ; 70,74 ;;
AT13;91900;91900;2018;2018;2; 1.794 ; 74,72 ;;
AT13;92000;92000;2018;2018;2; 3.739 ; 124,90 ;;
AT13;92100;92100;2018;2018;2; 5.930 ; 106,40 ;;
AT13;92200;92200;2018;2018;2; 5.810 ; 87,56 ;;
AT13;92300;92300;2018;2018;2; 2.982 ; 85,66 ;;
AT13;90000;90000;2019;2019;2; 62.402 ; 94,99 ;;
AT13;90100;90100;2019;2019;2; 179 ; 34,33 ;;
AT13;90200;90200;2019;2019;2; 3.579 ; 97,50 ;;
AT13;90300;90300;2019;2019;2; 2.537 ; 77,36 ;;
AT13;90400;90400;2019;2019;2; 791 ; 66,74 ;;
AT13;90500;90500;2019;2019;2; 1.915 ; 94,93 ;;
AT13;90600;90600;2019;2019;2; 871 ; 73,70 ;;
AT13;90700;90700;2019;2019;2; 711 ; 58,15 ;;
AT13;90800;90800;2019;2019;2; 448 ; 49,72 ;;
AT13;90900;90900;2019;2019;2; 842 ; 52,97 ;;
AT13;91000;91000;2019;2019;2; 8.433 ; 124,07 ;;
AT13;91100;91100;2019;2019;2; 4.429 ; 125,28 ;;
AT13;91200;91200;2019;2019;2; 4.026 ; 120,62 ;;
AT13;91300;91300;2019;2019;2; 1.144 ; 66,19 ;;
AT13;91400;91400;2019;2019;2; 2.615 ; 82,76 ;;
AT13;91500;91500;2019;2019;2; 3.108 ; 114,02 ;;
AT13;91600;91600;2019;2019;2; 3.503 ; 97,98 ;;
AT13;91700;91700;2019;2019;2; 1.795 ; 90,14 ;;
AT13;91800;91800;2019;2019;2; 1.222 ; 66,03 ;;
AT13;91900;91900;2019;2019;2; 1.759 ; 72,33 ;;
AT13;92000;92000;2019;2019;2; 3.774 ; 126,65 ;;
AT13;92100;92100;2019;2019;2; 5.880 ; 104,10 ;;
AT13;92200;92200;2019;2019;2; 5.756 ; 85,10 ;;
AT13;92300;92300;2019;2019;2; 3.083 ; 85,71 ;;
AT13;90000;90000;2020;2020;2; 76.778 ; 116,20 ;;
AT13;90100;90100;2020;2020;2; 232 ; 45,71 ;;
AT13;90200;90200;2020;2020;2; 4.272 ; 115,86 ;;
AT13;90300;90300;2020;2020;2; 3.114 ; 94,06 ;;
AT13;90400;90400;2020;2020;2; 992 ; 83,77 ;;
AT13;90500;90500;2020;2020;2; 2.427 ; 121,17 ;;
AT13;90600;90600;2020;2020;2; 1.089 ; 92,62 ;;
AT13;90700;90700;2020;2020;2; 888 ; 73,63 ;;
AT13;90800;90800;2020;2020;2; 537 ; 61,10 ;;
AT13;90900;90900;2020;2020;2; 1.051 ; 66,12 ;;
AT13;91000;91000;2020;2020;2; 10.520 ; 152,39 ;;
AT13;91100;91100;2020;2020;2; 5.370 ; 150,83 ;;
AT13;91200;91200;2020;2020;2; 4.816 ; 144,54 ;;
AT13;91300;91300;2020;2020;2; 1.429 ; 82,61 ;;
AT13;91400;91400;2020;2020;2; 3.352 ; 106,24 ;;
AT13;91500;91500;2020;2020;2; 3.718 ; 137,83 ;;
AT13;91600;91600;2020;2020;2; 4.381 ; 123,54 ;;
AT13;91700;91700;2020;2020;2; 2.220 ; 112,01 ;;
AT13;91800;91800;2020;2020;2; 1.471 ; 79,82 ;;
AT13;91900;91900;2020;2020;2; 2.150 ; 87,83 ;;
AT13;92000;92000;2020;2020;2; 4.443 ; 150,41 ;;
AT13;92100;92100;2020;2020;2; 7.411 ; 128,20 ;;
AT13;92200;92200;2020;2020;2; 7.085 ; 102,36 ;;
AT13;92300;92300;2020;2020;2; 3.811 ; 103,54 ;;
AT13;90000;90000;2021;2021;2; 71.334 ; 107,61 ;;
AT13;90100;90100;2021;2021;2; 208 ; 41,35 ;;
AT13;90200;90200;2021;2021;2; 3.819 ; 104,35 ;;
AT13;90300;90300;2021;2021;2; 2.851 ; 84,58 ;;
AT13;90400;90400;2021;2021;2; 863 ; 73,38 ;;
AT13;90500;90500;2021;2021;2; 2.126 ; 108,16 ;;
AT13;90600;90600;2021;2021;2; 914 ; 79,14 ;;
AT13;90700;90700;2021;2021;2; 744 ; 62,77 ;;
AT13;90800;90800;2021;2021;2; 477 ; 55,26 ;;
AT13;90900;90900;2021;2021;2; 887 ; 56,40 ;;
AT13;91000;91000;2021;2021;2; 9.987 ; 143,00 ;;
AT13;91100;91100;2021;2021;2; 5.152 ; 143,43 ;;
AT13;91200;91200;2021;2021;2; 4.581 ; 136,80 ;;
AT13;91300;91300;2021;2021;2; 1.275 ; 74,27 ;;
AT13;91400;91400;2021;2021;2; 3.077 ; 98,04 ;;
AT13;91500;91500;2021;2021;2; 3.312 ; 123,84 ;;
AT13;91600;91600;2021;2021;2; 4.015 ; 114,75 ;;
AT13;91700;91700;2021;2021;2; 1.982 ; 101,43 ;;
AT13;91800;91800;2021;2021;2; 1.315 ; 71,71 ;;
AT13;91900;91900;2021;2021;2; 1.941 ; 79,27 ;;
AT13;92000;92000;2021;2021;2; 4.034 ; 139,24 ;;
AT13;92100;92100;2021;2021;2; 7.255 ; 121,59 ;;
AT13;92200;92200;2021;2021;2; 6.750 ; 95,88 ;;
AT13;92300;92300;2021;2021;2; 3.772 ; 100,67 ;;
AT13;90000;90000;2022;2022;2; 60.859 ; 89,91 ;;
AT13;90100;90100;2022;2022;2; 170 ; 32,09 ;;
AT13;90200;90200;2022;2022;2; 3.150 ; 83,92 ;;
AT13;90300;90300;2022;2022;2; 2.368 ; 68,14 ;;
AT13;90400;90400;2022;2022;2; 698 ; 58,72 ;;
AT13;90500;90500;2022;2022;2; 1.751 ; 88,48 ;;
AT13;90600;90600;2022;2022;2; 743 ; 63,29 ;;
AT13;90700;90700;2022;2022;2; 574 ; 48,38 ;;
AT13;90800;90800;2022;2022;2; 387 ; 43,82 ;;
AT13;90900;90900;2022;2022;2; 727 ; 45,85 ;;
AT13;91000;91000;2022;2022;2; 8.694 ; 122,21 ;;
AT13;91100;91100;2022;2022;2; 4.543 ; 123,66 ;;
AT13;91200;91200;2022;2022;2; 4.008 ; 117,45 ;;
AT13;91300;91300;2022;2022;2; 1.077 ; 60,66 ;;
AT13;91400;91400;2022;2022;2; 2.613 ; 81,90 ;;
AT13;91500;91500;2022;2022;2; 2.833 ; 106,17 ;;
AT13;91600;91600;2022;2022;2; 3.344 ; 95,61 ;;
AT13;91700;91700;2022;2022;2; 1.644 ; 83,95 ;;
AT13;91800;91800;2022;2022;2; 1.061 ; 57,01 ;;
AT13;91900;91900;2022;2022;2; 1.664 ; 66,34 ;;
AT13;92000;92000;2022;2022;2; 3.404 ; 117,17 ;;
AT13;92100;92100;2022;2022;2; 6.408 ; 104,03 ;;
AT13;92200;92200;2022;2022;2; 5.697 ; 77,66 ;;
AT13;92300;92300;2022;2022;2; 3.302 ; 85,32 ;;
AT13;90000;90000;2023;2023;2; 61.218 ; 88,97 ;;
AT13;90100;90100;2023;2023;2; 180 ; 32,69 ;;
AT13;90200;90200;2023;2023;2; 3.107 ; 80,33 ;;
AT13;90300;90300;2023;2023;2; 2.391 ; 67,31 ;;
AT13;90400;90400;2023;2023;2; 700 ; 58,85 ;;
AT13;90500;90500;2023;2023;2; 1.697 ; 85,62 ;;
AT13;90600;90600;2023;2023;2; 722 ; 61,69 ;;
AT13;90700;90700;2023;2023;2; 582 ; 49,20 ;;
AT13;90800;90800;2023;2023;2; 395 ; 44,87 ;;
AT13;90900;90900;2023;2023;2; 768 ; 48,28 ;;
AT13;91000;91000;2023;2023;2; 8.594 ; 119,34 ;;
AT13;91100;91100;2023;2023;2; 4.523 ; 121,12 ;;
AT13;91200;91200;2023;2023;2; 4.045 ; 116,12 ;;
AT13;91300;91300;2023;2023;2; 1.122 ; 62,53 ;;
AT13;91400;91400;2023;2023;2; 2.657 ; 80,74 ;;
AT13;91500;91500;2023;2023;2; 2.925 ; 109,49 ;;
AT13;91600;91600;2023;2023;2; 3.337 ; 94,91 ;;
AT13;91700;91700;2023;2023;2; 1.563 ; 79,98 ;;
AT13;91800;91800;2023;2023;2; 1.001 ; 53,72 ;;
AT13;91900;91900;2023;2023;2; 1.621 ; 64,04 ;;
AT13;92000;92000;2023;2023;2; 3.394 ; 115,03 ;;
AT13;92100;92100;2023;2023;2; 6.503 ; 103,66 ;;
AT13;92200;92200;2023;2023;2; 5.993 ; 78,59 ;;
AT13;92300;92300;2023;2023;2; 3.399 ; 86,10 ;;
