Bevölkerungsdichte (EinwohnerInnen pro km²) zu Jahresbeginn seit 2002 - Bezirke Wien | Population density (resident per km²) at the beginning of the year since 2002 - districts of Vienna;;;;;;;;;;;;;;;;
NUTS;DISTRICT_CODE;SUB_DISTRICT_CODE;REF_YEAR;REF_DATE;POP_VALUE;AREA;POP_DENSITY;;;;;;;;;
AT13;90000;90000;2002;20020101;1.571.123;414,87;3787,02;;;;;;;;;
AT13;90000;90000;2003;20030101;1.592.846;414,87;3839,38;;;;;;;;;
AT13;90000;90000;2004;20040101;1.610.410;414,87;3881,71;;;;;;;;;
AT13;90000;90000;2005;20050101;1.632.569;414,87;3935,12;;;;;;;;;
AT13;90000;90000;2006;20060101;1.652.449;414,87;3983,04;;;;;;;;;
AT13;90000;90000;2007;20070101;1.661.246;414,87;4004,25;;;;;;;;;
AT13;90000;90000;2008;20080101;1.671.221;414,87;4028,29;;;;;;;;;
AT13;90000;90000;2009;20090101;1.680.135;414,87;4049,78;;;;;;;;;
AT13;90000;90000;2010;20100101;1.689.995;414,87;4073,54;;;;;;;;;
AT13;90000;90000;2011;20110101;1.702.855;414,87;4104,54;;;;;;;;;
AT13;90000;90000;2012;20120101;1.717.084;414,87;4138,84;;;;;;;;;
AT13;90000;90000;2013;20130101;1.741.246;414,87;4197,08;;;;;;;;;
AT13;90000;90000;2014;20140101;1.766.746;414,87;4258,54;;;;;;;;;
AT13;90000;90000;2015;20150101;1.797.337;414,87;4332,28;;;;;;;;;
AT13;90000;90000;2016;20160101;1.840.226;414,87;4435,66;;;;;;;;;
AT13;90000;90000;2017;20170101;1.867.582;414,87;4501,60;;;;;;;;;
AT13;90000;90000;2018;20180101;1.888.776;414,87;4552,68;;;;;;;;;
AT13;90000;90000;2019;20190101;1.897.491;414,87;4573,69;;;;;;;;;
AT13;90000;90000;2020;20200101;1.911.191;414,87;4606,71;;;;;;;;;
AT13;90000;90000;2021;20210101;1.920.949;414,87;4630,23;;;;;;;;;
AT13;90000;90000;2022;20220101;1.931.593;414,87;4655,89;;;;;;;;;
AT13;90000;90000;2023;20230101;1.982.097;414,87;4777,62;;;;;;;;;
AT13;90000;90000;2024;20240101;2.005.760;414,87;4834,66;;;;;;;;;
AT13;90000;90000;2025;20250101;2.028.289;414,87;4888,96;;;;;;;;;
AT13;90100;90100;2002;20020101;17.630;2,87;6145,48;;;;;;;;;
AT13;90100;90100;2003;20030101;17.541;2,87;6114,46;;;;;;;;;
AT13;90100;90100;2004;20040101;17.384;2,87;6059,73;;;;;;;;;
AT13;90100;90100;2005;20050101;17.294;2,87;6028,36;;;;;;;;;
AT13;90100;90100;2006;20060101;17.285;2,87;6025,22;;;;;;;;;
AT13;90100;90100;2007;20070101;17.147;2,87;5977,12;;;;;;;;;
AT13;90100;90100;2008;20080101;16.976;2,87;5917,51;;;;;;;;;
AT13;90100;90100;2009;20090101;16.623;2,87;5794,46;;;;;;;;;
AT13;90100;90100;2010;20100101;16.525;2,87;5760,30;;;;;;;;;
AT13;90100;90100;2011;20110101;16.385;2,87;5711,50;;;;;;;;;
AT13;90100;90100;2012;20120101;16.290;2,87;5678,38;;;;;;;;;
AT13;90100;90100;2013;20130101;16.268;2,87;5670,72;;;;;;;;;
AT13;90100;90100;2014;20140101;16.131;2,87;5622,96;;;;;;;;;
AT13;90100;90100;2015;20150101;16.339;2,87;5695,46;;;;;;;;;
AT13;90100;90100;2016;20160101;16.411;2,87;5720,56;;;;;;;;;
AT13;90100;90100;2017;20170101;16.465;2,87;5739,39;;;;;;;;;
AT13;90100;90100;2018;20180101;16.450;2,87;5734,16;;;;;;;;;
AT13;90100;90100;2019;20190101;16.306;2,87;5683,96;;;;;;;;;
AT13;90100;90100;2020;20200101;16.047;2,87;5593,68;;;;;;;;;
AT13;90100;90100;2021;20210101;15.867;2,87;5530,93;;;;;;;;;
AT13;90100;90100;2022;20220101;15.700;2,87;5472,72;;;;;;;;;
AT13;90100;90100;2023;20230101;16.620;2,87;5793,42;;;;;;;;;
AT13;90100;90100;2024;20240101;16.538;2,87;5764,83;;;;;;;;;
AT13;90100;90100;2025;20250101;16.281;2,87;5675,25;;;;;;;;;
AT13;90200;90200;2002;20020101;89.016;19,24;4626,13;;;;;;;;;
AT13;90200;90200;2003;20030101;89.954;19,24;4674,88;;;;;;;;;
AT13;90200;90200;2004;20040101;90.837;19,24;4720,77;;;;;;;;;
AT13;90200;90200;2005;20050101;91.364;19,24;4748,16;;;;;;;;;
AT13;90200;90200;2006;20060101;92.170;19,24;4790,04;;;;;;;;;
AT13;90200;90200;2007;20070101;93.313;19,24;4849,44;;;;;;;;;
AT13;90200;90200;2008;20080101;93.463;19,24;4857,24;;;;;;;;;
AT13;90200;90200;2009;20090101;93.822;19,24;4875,90;;;;;;;;;
AT13;90200;90200;2010;20100101;94.735;19,24;4923,35;;;;;;;;;
AT13;90200;90200;2011;20110101;95.302;19,24;4952,81;;;;;;;;;
AT13;90200;90200;2012;20120101;96.582;19,24;5019,33;;;;;;;;;
AT13;90200;90200;2013;20130101;96.866;19,24;5034,09;;;;;;;;;
AT13;90200;90200;2014;20140101;99.597;19,24;5176,02;;;;;;;;;
AT13;90200;90200;2015;20150101;101.702;19,24;5285,42;;;;;;;;;
AT13;90200;90200;2016;20160101;103.225;19,24;5364,57;;;;;;;;;
AT13;90200;90200;2017;20170101;105.003;19,24;5456,97;;;;;;;;;
AT13;90200;90200;2018;20180101;105.574;19,24;5486,64;;;;;;;;;
AT13;90200;90200;2019;20190101;104.946;19,24;5454,01;;;;;;;;;
AT13;90200;90200;2020;20200101;105.848;19,24;5500,88;;;;;;;;;
AT13;90200;90200;2021;20210101;105.237;19,24;5469,13;;;;;;;;;
AT13;90200;90200;2022;20220101;104.688;19,24;5440,60;;;;;;;;;
AT13;90200;90200;2023;20230101;108.269;19,24;5626,70;;;;;;;;;
AT13;90200;90200;2024;20240101;110.100;19,24;5721,86;;;;;;;;;
AT13;90200;90200;2025;20250101;112.675;19,24;5855,68;;;;;;;;;
AT13;90300;90300;2002;20020101;82.227;7,40;11115,15;;;;;;;;;
AT13;90300;90300;2003;20030101;82.297;7,40;11124,61;;;;;;;;;
AT13;90300;90300;2004;20040101;83.019;7,40;11222,21;;;;;;;;;
AT13;90300;90300;2005;20050101;83.827;7,40;11331,43;;;;;;;;;
AT13;90300;90300;2006;20060101;84.208;7,40;11382,93;;;;;;;;;
AT13;90300;90300;2007;20070101;83.919;7,40;11343,87;;;;;;;;;
AT13;90300;90300;2008;20080101;83.050;7,40;11226,40;;;;;;;;;
AT13;90300;90300;2009;20090101;82.979;7,40;11216,80;;;;;;;;;
AT13;90300;90300;2010;20100101;83.061;7,40;11227,89;;;;;;;;;
AT13;90300;90300;2011;20110101;83.955;7,40;11348,73;;;;;;;;;
AT13;90300;90300;2012;20120101;84.574;7,40;11432,41;;;;;;;;;
AT13;90300;90300;2013;20130101;85.508;7,40;11558,66;;;;;;;;;
AT13;90300;90300;2014;20140101;86.454;7,40;11686,54;;;;;;;;;
AT13;90300;90300;2015;20150101;88.125;7,40;11912,42;;;;;;;;;
AT13;90300;90300;2016;20160101;89.806;7,40;12139,65;;;;;;;;;
AT13;90300;90300;2017;20170101;90.183;7,40;12190,61;;;;;;;;;
AT13;90300;90300;2018;20180101;90.712;7,40;12262,12;;;;;;;;;
AT13;90300;90300;2019;20190101;91.745;7,40;12401,76;;;;;;;;;
AT13;90300;90300;2020;20200101;91.680;7,40;12392,97;;;;;;;;;
AT13;90300;90300;2021;20210101;93.248;7,40;12604,93;;;;;;;;;
AT13;90300;90300;2022;20220101;93.744;7,40;12671,97;;;;;;;;;
AT13;90300;90300;2023;20230101;96.756;7,40;13079,13;;;;;;;;;
AT13;90300;90300;2024;20240101;98.398;7,40;13301,09;;;;;;;;;
AT13;90300;90300;2025;20250101;98.881;7,40;13366,38;;;;;;;;;
AT13;90400;90400;2002;20020101;28.975;1,78;16322,03;;;;;;;;;
AT13;90400;90400;2003;20030101;29.348;1,78;16532,15;;;;;;;;;
AT13;90400;90400;2004;20040101;29.394;1,78;16558,06;;;;;;;;;
AT13;90400;90400;2005;20050101;29.573;1,78;16658,89;;;;;;;;;
AT13;90400;90400;2006;20060101;30.126;1,78;16970,41;;;;;;;;;
AT13;90400;90400;2007;20070101;30.189;1,78;17005,89;;;;;;;;;
AT13;90400;90400;2008;20080101;30.262;1,78;17047,02;;;;;;;;;
AT13;90400;90400;2009;20090101;30.348;1,78;17095,46;;;;;;;;;
AT13;90400;90400;2010;20100101;30.331;1,78;17085,89;;;;;;;;;
AT13;90400;90400;2011;20110101;30.541;1,78;17204,18;;;;;;;;;
AT13;90400;90400;2012;20120101;30.724;1,78;17307,27;;;;;;;;;
AT13;90400;90400;2013;20130101;30.989;1,78;17456,55;;;;;;;;;
AT13;90400;90400;2014;20140101;31.452;1,78;17717,36;;;;;;;;;
AT13;90400;90400;2015;20150101;31.691;1,78;17851,99;;;;;;;;;
AT13;90400;90400;2016;20160101;32.751;1,78;18449,11;;;;;;;;;
AT13;90400;90400;2017;20170101;33.035;1,78;18609,09;;;;;;;;;
AT13;90400;90400;2018;20180101;33.319;1,78;18769,07;;;;;;;;;
AT13;90400;90400;2019;20190101;33.263;1,78;18737,52;;;;;;;;;
AT13;90400;90400;2020;20200101;33.212;1,78;18708,79;;;;;;;;;
AT13;90400;90400;2021;20210101;33.075;1,78;18631,62;;;;;;;;;
AT13;90400;90400;2022;20220101;33.007;1,78;18593,31;;;;;;;;;
AT13;90400;90400;2023;20230101;33.633;1,78;18945,95;;;;;;;;;
AT13;90400;90400;2024;20240101;33.155;1,78;18676,68;;;;;;;;;
AT13;90400;90400;2025;20250101;33.444;1,78;18839,48;;;;;;;;;
AT13;90500;90500;2002;20020101;49.785;2,01;24748,48;;;;;;;;;
AT13;90500;90500;2003;20030101;50.367;2,01;25037,80;;;;;;;;;
AT13;90500;90500;2004;20040101;51.098;2,01;25401,18;;;;;;;;;
AT13;90500;90500;2005;20050101;51.882;2,01;25790,91;;;;;;;;;
AT13;90500;90500;2006;20060101;52.534;2,01;26115,03;;;;;;;;;
AT13;90500;90500;2007;20070101;52.286;2,01;25991,75;;;;;;;;;
AT13;90500;90500;2008;20080101;52.434;2,01;26065,32;;;;;;;;;
AT13;90500;90500;2009;20090101;52.288;2,01;25992,74;;;;;;;;;
AT13;90500;90500;2010;20100101;52.354;2,01;26025,55;;;;;;;;;
AT13;90500;90500;2011;20110101;52.753;2,01;26223,89;;;;;;;;;
AT13;90500;90500;2012;20120101;52.581;2,01;26138,39;;;;;;;;;
AT13;90500;90500;2013;20130101;53.071;2,01;26381,97;;;;;;;;;
AT13;90500;90500;2014;20140101;53.610;2,01;26649,91;;;;;;;;;
AT13;90500;90500;2015;20150101;54.246;2,01;26966,08;;;;;;;;;
AT13;90500;90500;2016;20160101;54.938;2,01;27310,07;;;;;;;;;
AT13;90500;90500;2017;20170101;55.356;2,01;27517,86;;;;;;;;;
AT13;90500;90500;2018;20180101;55.640;2,01;27659,04;;;;;;;;;
AT13;90500;90500;2019;20190101;55.407;2,01;27543,22;;;;;;;;;
AT13;90500;90500;2020;20200101;55.123;2,01;27402,04;;;;;;;;;
AT13;90500;90500;2021;20210101;54.373;2,01;27029,21;;;;;;;;;
AT13;90500;90500;2022;20220101;53.731;2,01;26710,06;;;;;;;;;
AT13;90500;90500;2023;20230101;55.018;2,01;27349,84;;;;;;;;;
AT13;90500;90500;2024;20240101;54.400;2,01;27042,63;;;;;;;;;
AT13;90500;90500;2025;20250101;54.581;2,01;27132,61;;;;;;;;;
AT13;90600;90600;2002;20020101;28.525;1,46;19604,22;;;;;;;;;
AT13;90600;90600;2003;20030101;28.805;1,46;19796,66;;;;;;;;;
AT13;90600;90600;2004;20040101;28.891;1,46;19855,76;;;;;;;;;
AT13;90600;90600;2005;20050101;29.012;1,46;19938,92;;;;;;;;;
AT13;90600;90600;2006;20060101;29.369;1,46;20184,27;;;;;;;;;
AT13;90600;90600;2007;20070101;29.463;1,46;20248,88;;;;;;;;;
AT13;90600;90600;2008;20080101;29.430;1,46;20226,20;;;;;;;;;
AT13;90600;90600;2009;20090101;29.197;1,46;20066,06;;;;;;;;;
AT13;90600;90600;2010;20100101;29.323;1,46;20152,66;;;;;;;;;
AT13;90600;90600;2011;20110101;29.308;1,46;20142,35;;;;;;;;;
AT13;90600;90600;2012;20120101;29.388;1,46;20197,33;;;;;;;;;
AT13;90600;90600;2013;20130101;30.117;1,46;20698,35;;;;;;;;;
AT13;90600;90600;2014;20140101;30.613;1,46;21039,23;;;;;;;;;
AT13;90600;90600;2015;20150101;31.000;1,46;21305,20;;;;;;;;;
AT13;90600;90600;2016;20160101;31.620;1,46;21731,31;;;;;;;;;
AT13;90600;90600;2017;20170101;31.865;1,46;21899,69;;;;;;;;;
AT13;90600;90600;2018;20180101;32.069;1,46;22039,89;;;;;;;;;
AT13;90600;90600;2019;20190101;31.864;1,46;21899,00;;;;;;;;;
AT13;90600;90600;2020;20200101;31.651;1,46;21752,61;;;;;;;;;
AT13;90600;90600;2021;20210101;31.336;1,46;21536,12;;;;;;;;;
AT13;90600;90600;2022;20220101;30.958;1,46;21276,34;;;;;;;;;
AT13;90600;90600;2023;20230101;31.423;1,46;21595,92;;;;;;;;;
AT13;90600;90600;2024;20240101;31.386;1,46;21570,49;;;;;;;;;
AT13;90600;90600;2025;20250101;31.083;1,46;21362,25;;;;;;;;;
AT13;90700;90700;2002;20020101;28.912;1,61;17977,33;;;;;;;;;
AT13;90700;90700;2003;20030101;28.968;1,61;18012,15;;;;;;;;;
AT13;90700;90700;2004;20040101;29.012;1,61;18039,51;;;;;;;;;
AT13;90700;90700;2005;20050101;29.161;1,61;18132,15;;;;;;;;;
AT13;90700;90700;2006;20060101;30.416;1,61;18912,50;;;;;;;;;
AT13;90700;90700;2007;20070101;29.955;1,61;18625,86;;;;;;;;;
AT13;90700;90700;2008;20080101;30.054;1,61;18687,42;;;;;;;;;
AT13;90700;90700;2009;20090101;29.878;1,61;18577,98;;;;;;;;;
AT13;90700;90700;2010;20100101;30.069;1,61;18696,74;;;;;;;;;
AT13;90700;90700;2011;20110101;30.062;1,61;18692,39;;;;;;;;;
AT13;90700;90700;2012;20120101;30.101;1,61;18716,64;;;;;;;;;
AT13;90700;90700;2013;20130101;30.309;1,61;18845,97;;;;;;;;;
AT13;90700;90700;2014;20140101;30.792;1,61;19146,30;;;;;;;;;
AT13;90700;90700;2015;20150101;31.291;1,61;19456,57;;;;;;;;;
AT13;90700;90700;2016;20160101;32.020;1,61;19909,86;;;;;;;;;
AT13;90700;90700;2017;20170101;32.197;1,61;20019,92;;;;;;;;;
AT13;90700;90700;2018;20180101;32.467;1,61;20187,81;;;;;;;;;
AT13;90700;90700;2019;20190101;32.288;1,61;20076,50;;;;;;;;;
AT13;90700;90700;2020;20200101;31.961;1,61;19873,18;;;;;;;;;
AT13;90700;90700;2021;20210101;31.683;1,61;19700,32;;;;;;;;;
AT13;90700;90700;2022;20220101;31.326;1,61;19478,34;;;;;;;;;
AT13;90700;90700;2023;20230101;31.581;1,61;19636,90;;;;;;;;;
AT13;90700;90700;2024;20240101;31.513;1,61;19594,61;;;;;;;;;
AT13;90700;90700;2025;20250101;31.330;1,61;19480,82;;;;;;;;;
AT13;90800;90800;2002;20020101;22.219;1,09;20385,42;;;;;;;;;
AT13;90800;90800;2003;20030101;23.156;1,09;21245,10;;;;;;;;;
AT13;90800;90800;2004;20040101;23.309;1,09;21385,47;;;;;;;;;
AT13;90800;90800;2005;20050101;23.588;1,09;21641,45;;;;;;;;;
AT13;90800;90800;2006;20060101;23.597;1,09;21649,70;;;;;;;;;
AT13;90800;90800;2007;20070101;23.613;1,09;21664,38;;;;;;;;;
AT13;90800;90800;2008;20080101;23.703;1,09;21746,96;;;;;;;;;
AT13;90800;90800;2009;20090101;23.639;1,09;21688,24;;;;;;;;;
AT13;90800;90800;2010;20100101;23.435;1,09;21501,07;;;;;;;;;
AT13;90800;90800;2011;20110101;23.379;1,09;21449,69;;;;;;;;;
AT13;90800;90800;2012;20120101;23.560;1,09;21615,76;;;;;;;;;
AT13;90800;90800;2013;20130101;23.930;1,09;21955,22;;;;;;;;;
AT13;90800;90800;2014;20140101;24.279;1,09;22275,42;;;;;;;;;
AT13;90800;90800;2015;20150101;24.518;1,09;22494,70;;;;;;;;;
AT13;90800;90800;2016;20160101;25.054;1,09;22986,47;;;;;;;;;
AT13;90800;90800;2017;20170101;25.528;1,09;23421,35;;;;;;;;;
AT13;90800;90800;2018;20180101;25.662;1,09;23544,29;;;;;;;;;
AT13;90800;90800;2019;20190101;25.466;1,09;23364,47;;;;;;;;;
AT13;90800;90800;2020;20200101;25.021;1,09;22956,19;;;;;;;;;
AT13;90800;90800;2021;20210101;24.365;1,09;22354,32;;;;;;;;;
AT13;90800;90800;2022;20220101;24.189;1,09;22192,85;;;;;;;;;
AT13;90800;90800;2023;20230101;24.674;1,09;22637,83;;;;;;;;;
AT13;90800;90800;2024;20240101;24.499;1,09;22477,27;;;;;;;;;
AT13;90800;90800;2025;20250101;24.242;1,09;22241,48;;;;;;;;;
AT13;90900;90900;2002;20020101;38.290;2,97;12903,62;;;;;;;;;
AT13;90900;90900;2003;20030101;38.304;2,97;12908,34;;;;;;;;;
AT13;90900;90900;2004;20040101;38.865;2,97;13097,39;;;;;;;;;
AT13;90900;90900;2005;20050101;39.472;2,97;13301,95;;;;;;;;;
AT13;90900;90900;2006;20060101;39.264;2,97;13231,85;;;;;;;;;
AT13;90900;90900;2007;20070101;39.160;2,97;13196,81;;;;;;;;;
AT13;90900;90900;2008;20080101;39.466;2,97;13299,93;;;;;;;;;
AT13;90900;90900;2009;20090101;39.167;2,97;13199,16;;;;;;;;;
AT13;90900;90900;2010;20100101;39.344;2,97;13258,81;;;;;;;;;
AT13;90900;90900;2011;20110101;39.315;2,97;13249,04;;;;;;;;;
AT13;90900;90900;2012;20120101;39.431;2,97;13288,13;;;;;;;;;
AT13;90900;90900;2013;20130101;39.968;2,97;13469,10;;;;;;;;;
AT13;90900;90900;2014;20140101;40.528;2,97;13657,82;;;;;;;;;
AT13;90900;90900;2015;20150101;40.882;2,97;13777,11;;;;;;;;;
AT13;90900;90900;2016;20160101;43.095;2,97;14522,89;;;;;;;;;
AT13;90900;90900;2017;20170101;42.709;2,97;14392,81;;;;;;;;;
AT13;90900;90900;2018;20180101;42.547;2,97;14338,21;;;;;;;;;
AT13;90900;90900;2019;20190101;41.958;2,97;14139,72;;;;;;;;;
AT13;90900;90900;2020;20200101;41.884;2,97;14114,79;;;;;;;;;
AT13;90900;90900;2021;20210101;41.812;2,97;14090,52;;;;;;;;;
AT13;90900;90900;2022;20220101;41.382;2,97;13945,61;;;;;;;;;
AT13;90900;90900;2023;20230101;42.206;2,97;14223,30;;;;;;;;;
AT13;90900;90900;2024;20240101;41.631;2,97;14029,53;;;;;;;;;
AT13;90900;90900;2025;20250101;41.664;2,97;14040,65;;;;;;;;;
AT13;91000;91000;2002;20020101;152.796;31,83;4800,60;;;;;;;;;
AT13;91000;91000;2003;20030101;156.349;31,83;4912,22;;;;;;;;;
AT13;91000;91000;2004;20040101;159.105;31,83;4998,81;;;;;;;;;
AT13;91000;91000;2005;20050101;163.695;31,83;5143,02;;;;;;;;;
AT13;91000;91000;2006;20060101;167.238;31,83;5254,34;;;;;;;;;
AT13;91000;91000;2007;20070101;169.413;31,83;5322,67;;;;;;;;;
AT13;91000;91000;2008;20080101;171.113;31,83;5376,08;;;;;;;;;
AT13;91000;91000;2009;20090101;173.227;31,83;5442,50;;;;;;;;;
AT13;91000;91000;2010;20100101;174.749;31,83;5490,32;;;;;;;;;
AT13;91000;91000;2011;20110101;176.558;31,83;5547,16;;;;;;;;;
AT13;91000;91000;2012;20120101;178.358;31,83;5603,71;;;;;;;;;
AT13;91000;91000;2013;20130101;182.595;31,83;5736,83;;;;;;;;;
AT13;91000;91000;2014;20140101;186.450;31,83;5857,95;;;;;;;;;
AT13;91000;91000;2015;20150101;189.713;31,83;5960,47;;;;;;;;;
AT13;91000;91000;2016;20160101;194.746;31,83;6118,59;;;;;;;;;
AT13;91000;91000;2017;20170101;198.083;31,83;6223,44;;;;;;;;;
AT13;91000;91000;2018;20180101;201.882;31,83;6342,80;;;;;;;;;
AT13;91000;91000;2019;20190101;204.142;31,83;6413,80;;;;;;;;;
AT13;91000;91000;2020;20200101;207.193;31,83;6509,66;;;;;;;;;
AT13;91000;91000;2021;20210101;210.573;31,83;6615,85;;;;;;;;;
AT13;91000;91000;2022;20220101;212.255;31,83;6668,70;;;;;;;;;
AT13;91000;91000;2023;20230101;218.415;31,83;6862,23;;;;;;;;;
AT13;91000;91000;2024;20240101;220.324;31,83;6922,21;;;;;;;;;
AT13;91000;91000;2025;20250101;223.190;31,83;7012,26;;;;;;;;;
AT13;91100;91100;2002;20020101;78.785;23,26;3387,68;;;;;;;;;
AT13;91100;91100;2003;20030101;80.485;23,26;3460,78;;;;;;;;;
AT13;91100;91100;2004;20040101;81.369;23,26;3498,79;;;;;;;;;
AT13;91100;91100;2005;20050101;82.429;23,26;3544,37;;;;;;;;;
AT13;91100;91100;2006;20060101;82.722;23,26;3556,97;;;;;;;;;
AT13;91100;91100;2007;20070101;82.903;23,26;3564,75;;;;;;;;;
AT13;91100;91100;2008;20080101;85.834;23,26;3690,78;;;;;;;;;
AT13;91100;91100;2009;20090101;87.966;23,26;3782,45;;;;;;;;;
AT13;91100;91100;2010;20100101;89.461;23,26;3846,74;;;;;;;;;
AT13;91100;91100;2011;20110101;90.394;23,26;3886,85;;;;;;;;;
AT13;91100;91100;2012;20120101;91.223;23,26;3922,50;;;;;;;;;
AT13;91100;91100;2013;20130101;92.274;23,26;3967,69;;;;;;;;;
AT13;91100;91100;2014;20140101;93.440;23,26;4017,83;;;;;;;;;
AT13;91100;91100;2015;20150101;95.198;23,26;4093,42;;;;;;;;;
AT13;91100;91100;2016;20160101;97.342;23,26;4185,61;;;;;;;;;
AT13;91100;91100;2017;20170101;100.137;23,26;4305,79;;;;;;;;;
AT13;91100;91100;2018;20180101;101.420;23,26;4360,96;;;;;;;;;
AT13;91100;91100;2019;20190101;103.008;23,26;4429,24;;;;;;;;;
AT13;91100;91100;2020;20200101;104.434;23,26;4490,56;;;;;;;;;
AT13;91100;91100;2021;20210101;105.022;23,26;4515,84;;;;;;;;;
AT13;91100;91100;2022;20220101;106.078;23,26;4561,25;;;;;;;;;
AT13;91100;91100;2023;20230101;109.038;23,26;4688,53;;;;;;;;;
AT13;91100;91100;2024;20240101;110.559;23,26;4753,93;;;;;;;;;
AT13;91100;91100;2025;20250101;112.149;23,26;4822,30;;;;;;;;;
AT13;91200;91200;2002;20020101;78.971;8,10;9745,59;;;;;;;;;
AT13;91200;91200;2003;20030101;80.270;8,10;9905,90;;;;;;;;;
AT13;91200;91200;2004;20040101;82.178;8,10;10141,36;;;;;;;;;
AT13;91200;91200;2005;20050101;83.372;8,10;10288,71;;;;;;;;;
AT13;91200;91200;2006;20060101;84.240;8,10;10395,83;;;;;;;;;
AT13;91200;91200;2007;20070101;85.011;8,10;10490,97;;;;;;;;;
AT13;91200;91200;2008;20080101;85.736;8,10;10580,44;;;;;;;;;
AT13;91200;91200;2009;20090101;86.950;8,10;10730,26;;;;;;;;;
AT13;91200;91200;2010;20100101;87.462;8,10;10793,44;;;;;;;;;
AT13;91200;91200;2011;20110101;88.023;8,10;10862,68;;;;;;;;;
AT13;91200;91200;2012;20120101;88.515;8,10;10923,39;;;;;;;;;
AT13;91200;91200;2013;20130101;89.616;8,10;11059,26;;;;;;;;;
AT13;91200;91200;2014;20140101;90.874;8,10;11214,51;;;;;;;;;
AT13;91200;91200;2015;20150101;92.229;8,10;11381,73;;;;;;;;;
AT13;91200;91200;2016;20160101;94.170;8,10;11621,26;;;;;;;;;
AT13;91200;91200;2017;20170101;95.955;8,10;11841,54;;;;;;;;;
AT13;91200;91200;2018;20180101;97.624;8,10;12047,51;;;;;;;;;
AT13;91200;91200;2019;20190101;97.634;8,10;12048,74;;;;;;;;;
AT13;91200;91200;2020;20200101;97.078;8,10;11980,13;;;;;;;;;
AT13;91200;91200;2021;20210101;96.998;8,10;11970,26;;;;;;;;;
AT13;91200;91200;2022;20220101;97.909;8,10;12082,68;;;;;;;;;
AT13;91200;91200;2023;20230101;100.281;8,10;12375,40;;;;;;;;;
AT13;91200;91200;2024;20240101;101.714;8,10;12552,24;;;;;;;;;
AT13;91200;91200;2025;20250101;102.393;8,10;12636,04;;;;;;;;;
AT13;91300;91300;2002;20020101;50.341;37,71;1334,78;;;;;;;;;
AT13;91300;91300;2003;20030101;50.797;37,71;1346,87;;;;;;;;;
AT13;91300;91300;2004;20040101;50.896;37,71;1349,50;;;;;;;;;
AT13;91300;91300;2005;20050101;51.316;37,71;1360,63;;;;;;;;;
AT13;91300;91300;2006;20060101;51.356;37,71;1361,69;;;;;;;;;
AT13;91300;91300;2007;20070101;51.304;37,71;1360,32;;;;;;;;;
AT13;91300;91300;2008;20080101;51.127;37,71;1355,62;;;;;;;;;
AT13;91300;91300;2009;20090101;50.981;37,71;1351,75;;;;;;;;;
AT13;91300;91300;2010;20100101;51.015;37,71;1352,65;;;;;;;;;
AT13;91300;91300;2011;20110101;50.966;37,71;1351,35;;;;;;;;;
AT13;91300;91300;2012;20120101;50.650;37,71;1342,98;;;;;;;;;
AT13;91300;91300;2013;20130101;50.831;37,71;1347,77;;;;;;;;;
AT13;91300;91300;2014;20140101;51.275;37,71;1359,55;;;;;;;;;
AT13;91300;91300;2015;20150101;52.115;37,71;1381,82;;;;;;;;;
AT13;91300;91300;2016;20160101;53.813;37,71;1426,84;;;;;;;;;
AT13;91300;91300;2017;20170101;54.171;37,71;1436,33;;;;;;;;;
AT13;91300;91300;2018;20180101;54.265;37,71;1438,83;;;;;;;;;
AT13;91300;91300;2019;20190101;53.778;37,71;1425,91;;;;;;;;;
AT13;91300;91300;2020;20200101;54.040;37,71;1432,86;;;;;;;;;
AT13;91300;91300;2021;20210101;53.903;37,71;1429,23;;;;;;;;;
AT13;91300;91300;2022;20220101;53.959;37,71;1430,71;;;;;;;;;
AT13;91300;91300;2023;20230101;55.568;37,71;1473,38;;;;;;;;;
AT13;91300;91300;2024;20240101;55.505;37,71;1471,70;;;;;;;;;
AT13;91300;91300;2025;20250101;56.108;37,71;1487,69;;;;;;;;;
AT13;91400;91400;2002;20020101;79.142;33,76;2344,03;;;;;;;;;
AT13;91400;91400;2003;20030101;80.185;33,76;2374,92;;;;;;;;;
AT13;91400;91400;2004;20040101;80.505;33,76;2384,40;;;;;;;;;
AT13;91400;91400;2005;20050101;81.785;33,76;2422,31;;;;;;;;;
AT13;91400;91400;2006;20060101;82.829;33,76;2453,23;;;;;;;;;
AT13;91400;91400;2007;20070101;83.246;33,76;2465,58;;;;;;;;;
AT13;91400;91400;2008;20080101;83.751;33,76;2480,54;;;;;;;;;
AT13;91400;91400;2009;20090101;83.980;33,76;2487,32;;;;;;;;;
AT13;91400;91400;2010;20100101;84.090;33,76;2490,58;;;;;;;;;
AT13;91400;91400;2011;20110101;84.566;33,76;2504,68;;;;;;;;;
AT13;91400;91400;2012;20120101;84.973;33,76;2516,73;;;;;;;;;
AT13;91400;91400;2013;20130101;86.248;33,76;2554,49;;;;;;;;;
AT13;91400;91400;2014;20140101;87.597;33,76;2594,45;;;;;;;;;
AT13;91400;91400;2015;20150101;89.303;33,76;2644,98;;;;;;;;;
AT13;91400;91400;2016;20160101;91.596;33,76;2712,89;;;;;;;;;
AT13;91400;91400;2017;20170101;92.337;33,76;2734,84;;;;;;;;;
AT13;91400;91400;2018;20180101;92.752;33,76;2747,13;;;;;;;;;
AT13;91400;91400;2019;20190101;92.990;33,76;2754,18;;;;;;;;;
AT13;91400;91400;2020;20200101;93.634;33,76;2773,25;;;;;;;;;
AT13;91400;91400;2021;20210101;93.366;33,76;2765,31;;;;;;;;;
AT13;91400;91400;2022;20220101;92.989;33,76;2754,15;;;;;;;;;
AT13;91400;91400;2023;20230101;96.828;33,76;2867,85;;;;;;;;;
AT13;91400;91400;2024;20240101;98.161;33,76;2907,33;;;;;;;;;
AT13;91400;91400;2025;20250101;99.049;33,76;2933,63;;;;;;;;;
AT13;91500;91500;2002;20020101;67.482;3,92;17221,55;;;;;;;;;
AT13;91500;91500;2003;20030101;67.976;3,92;17347,62;;;;;;;;;
AT13;91500;91500;2004;20040101;68.760;3,92;17547,70;;;;;;;;;
AT13;91500;91500;2005;20050101;69.467;3,92;17728,12;;;;;;;;;
AT13;91500;91500;2006;20060101;70.235;3,92;17924,12;;;;;;;;;
AT13;91500;91500;2007;20070101;70.228;3,92;17922,33;;;;;;;;;
AT13;91500;91500;2008;20080101;70.291;3,92;17938,41;;;;;;;;;
AT13;91500;91500;2009;20090101;70.600;3,92;18017,27;;;;;;;;;
AT13;91500;91500;2010;20100101;70.830;3,92;18075,96;;;;;;;;;
AT13;91500;91500;2011;20110101;71.491;3,92;18244,65;;;;;;;;;
AT13;91500;91500;2012;20120101;71.651;3,92;18285,48;;;;;;;;;
AT13;91500;91500;2013;20130101;73.527;3,92;18764,24;;;;;;;;;
AT13;91500;91500;2014;20140101;74.791;3,92;19086,82;;;;;;;;;
AT13;91500;91500;2015;20150101;76.320;3,92;19477,02;;;;;;;;;
AT13;91500;91500;2016;20160101;78.349;3,92;19994,83;;;;;;;;;
AT13;91500;91500;2017;20170101;78.999;3,92;20160,71;;;;;;;;;
AT13;91500;91500;2018;20180101;79.029;3,92;20168,37;;;;;;;;;
AT13;91500;91500;2019;20190101;77.621;3,92;19809,04;;;;;;;;;
AT13;91500;91500;2020;20200101;76.813;3,92;19602,84;;;;;;;;;
AT13;91500;91500;2021;20210101;76.137;3,92;19430,32;;;;;;;;;
AT13;91500;91500;2022;20220101;75.635;3,92;19302,21;;;;;;;;;
AT13;91500;91500;2023;20230101;76.109;3,92;19423,18;;;;;;;;;
AT13;91500;91500;2024;20240101;76.381;3,92;19492,59;;;;;;;;;
AT13;91500;91500;2025;20250101;75.902;3,92;19370,35;;;;;;;;;
AT13;91600;91600;2002;20020101;87.914;8,67;10136,46;;;;;;;;;
AT13;91600;91600;2003;20030101;89.153;8,67;10279,32;;;;;;;;;
AT13;91600;91600;2004;20040101;89.822;8,67;10356,45;;;;;;;;;
AT13;91600;91600;2005;20050101;91.997;8,67;10607,23;;;;;;;;;
AT13;91600;91600;2006;20060101;93.817;8,67;10817,07;;;;;;;;;
AT13;91600;91600;2007;20070101;93.877;8,67;10823,99;;;;;;;;;
AT13;91600;91600;2008;20080101;94.193;8,67;10860,43;;;;;;;;;
AT13;91600;91600;2009;20090101;94.526;8,67;10898,82;;;;;;;;;
AT13;91600;91600;2010;20100101;94.816;8,67;10932,26;;;;;;;;;
AT13;91600;91600;2011;20110101;94.951;8,67;10947,82;;;;;;;;;
AT13;91600;91600;2012;20120101;95.704;8,67;11034,64;;;;;;;;;
AT13;91600;91600;2013;20130101;97.565;8,67;11249,22;;;;;;;;;
AT13;91600;91600;2014;20140101;99.094;8,67;11425,51;;;;;;;;;
AT13;91600;91600;2015;20150101;100.738;8,67;11615,06;;;;;;;;;
AT13;91600;91600;2016;20160101;102.605;8,67;11830,33;;;;;;;;;
AT13;91600;91600;2017;20170101;104.323;8,67;12028,41;;;;;;;;;
AT13;91600;91600;2018;20180101;104.627;8,67;12063,46;;;;;;;;;
AT13;91600;91600;2019;20190101;103.785;8,67;11966,38;;;;;;;;;
AT13;91600;91600;2020;20200101;103.117;8,67;11889,36;;;;;;;;;
AT13;91600;91600;2021;20210101;102.480;8,67;11815,92;;;;;;;;;
AT13;91600;91600;2022;20220101;101.638;8,67;11718,83;;;;;;;;;
AT13;91600;91600;2023;20230101;102.444;8,67;11811,76;;;;;;;;;
AT13;91600;91600;2024;20240101;102.770;8,67;11849,35;;;;;;;;;
AT13;91600;91600;2025;20250101;102.727;8,67;11844,39;;;;;;;;;
AT13;91700;91700;2002;20020101;48.827;11,39;4286,38;;;;;;;;;
AT13;91700;91700;2003;20030101;49.428;11,39;4339,14;;;;;;;;;
AT13;91700;91700;2004;20040101;50.278;11,39;4413,76;;;;;;;;;
AT13;91700;91700;2005;20050101;51.316;11,39;4504,88;;;;;;;;;
AT13;91700;91700;2006;20060101;52.480;11,39;4607,07;;;;;;;;;
AT13;91700;91700;2007;20070101;52.626;11,39;4619,88;;;;;;;;;
AT13;91700;91700;2008;20080101;52.414;11,39;4601,27;;;;;;;;;
AT13;91700;91700;2009;20090101;52.253;11,39;4587,14;;;;;;;;;
AT13;91700;91700;2010;20100101;52.328;11,39;4593,72;;;;;;;;;
AT13;91700;91700;2011;20110101;52.293;11,39;4590,65;;;;;;;;;
AT13;91700;91700;2012;20120101;52.647;11,39;4621,73;;;;;;;;;
AT13;91700;91700;2013;20130101;53.489;11,39;4695,64;;;;;;;;;
AT13;91700;91700;2014;20140101;54.422;11,39;4777,55;;;;;;;;;
AT13;91700;91700;2015;20150101;55.628;11,39;4883,42;;;;;;;;;
AT13;91700;91700;2016;20160101;56.329;11,39;4944,96;;;;;;;;;
AT13;91700;91700;2017;20170101;57.180;11,39;5019,66;;;;;;;;;
AT13;91700;91700;2018;20180101;57.546;11,39;5051,79;;;;;;;;;
AT13;91700;91700;2019;20190101;57.292;11,39;5029,50;;;;;;;;;
AT13;91700;91700;2020;20200101;57.027;11,39;5006,23;;;;;;;;;
AT13;91700;91700;2021;20210101;56.488;11,39;4958,92;;;;;;;;;
AT13;91700;91700;2022;20220101;56.014;11,39;4917,30;;;;;;;;;
AT13;91700;91700;2023;20230101;56.033;11,39;4918,97;;;;;;;;;
AT13;91700;91700;2024;20240101;56.671;11,39;4974,98;;;;;;;;;
AT13;91700;91700;2025;20250101;56.767;11,39;4983,41;;;;;;;;;
AT13;91800;91800;2002;20020101;45.505;6,35;7169,30;;;;;;;;;
AT13;91800;91800;2003;20030101;45.872;6,35;7227,12;;;;;;;;;
AT13;91800;91800;2004;20040101;46.309;6,35;7295,97;;;;;;;;;
AT13;91800;91800;2005;20050101;46.921;6,35;7392,39;;;;;;;;;
AT13;91800;91800;2006;20060101;47.291;6,35;7450,68;;;;;;;;;
AT13;91800;91800;2007;20070101;47.333;6,35;7457,30;;;;;;;;;
AT13;91800;91800;2008;20080101;47.478;6,35;7480,14;;;;;;;;;
AT13;91800;91800;2009;20090101;47.619;6,35;7502,36;;;;;;;;;
AT13;91800;91800;2010;20100101;47.693;6,35;7514,02;;;;;;;;;
AT13;91800;91800;2011;20110101;47.575;6,35;7495,43;;;;;;;;;
AT13;91800;91800;2012;20120101;47.632;6,35;7504,41;;;;;;;;;
AT13;91800;91800;2013;20130101;48.162;6,35;7587,91;;;;;;;;;
AT13;91800;91800;2014;20140101;48.365;6,35;7619,89;;;;;;;;;
AT13;91800;91800;2015;20150101;49.178;6,35;7747,98;;;;;;;;;
AT13;91800;91800;2016;20160101;50.283;6,35;7922,07;;;;;;;;;
AT13;91800;91800;2017;20170101;51.128;6,35;8055,20;;;;;;;;;
AT13;91800;91800;2018;20180101;51.647;6,35;8136,97;;;;;;;;;
AT13;91800;91800;2019;20190101;51.587;6,35;8127,52;;;;;;;;;
AT13;91800;91800;2020;20200101;51.497;6,35;8113,34;;;;;;;;;
AT13;91800;91800;2021;20210101;51.327;6,35;8086,55;;;;;;;;;
AT13;91800;91800;2022;20220101;50.865;6,35;8013,77;;;;;;;;;
AT13;91800;91800;2023;20230101;51.559;6,35;8123,11;;;;;;;;;
AT13;91800;91800;2024;20240101;51.395;6,35;8097,27;;;;;;;;;
AT13;91800;91800;2025;20250101;51.376;6,35;8094,27;;;;;;;;;
AT13;91900;91900;2002;20020101;65.327;24,94;2618,96;;;;;;;;;
AT13;91900;91900;2003;20030101;66.017;24,94;2646,62;;;;;;;;;
AT13;91900;91900;2004;20040101;66.437;24,94;2663,46;;;;;;;;;
AT13;91900;91900;2005;20050101;66.900;24,94;2682,02;;;;;;;;;
AT13;91900;91900;2006;20060101;67.389;24,94;2701,62;;;;;;;;;
AT13;91900;91900;2007;20070101;67.832;24,94;2719,38;;;;;;;;;
AT13;91900;91900;2008;20080101;67.961;24,94;2724,56;;;;;;;;;
AT13;91900;91900;2009;20090101;67.837;24,94;2719,58;;;;;;;;;
AT13;91900;91900;2010;20100101;67.865;24,94;2720,71;;;;;;;;;
AT13;91900;91900;2011;20110101;68.079;24,94;2729,29;;;;;;;;;
AT13;91900;91900;2012;20120101;68.460;24,94;2744,56;;;;;;;;;
AT13;91900;91900;2013;20130101;68.892;24,94;2761,88;;;;;;;;;
AT13;91900;91900;2014;20140101;69.242;24,94;2775,91;;;;;;;;;
AT13;91900;91900;2015;20150101;69.999;24,94;2806,26;;;;;;;;;
AT13;91900;91900;2016;20160101;71.609;24,94;2870,80;;;;;;;;;
AT13;91900;91900;2017;20170101;72.107;24,94;2890,77;;;;;;;;;
AT13;91900;91900;2018;20180101;72.650;24,94;2912,54;;;;;;;;;
AT13;91900;91900;2019;20190101;72.947;24,94;2924,44;;;;;;;;;
AT13;91900;91900;2020;20200101;73.901;24,94;2962,69;;;;;;;;;
AT13;91900;91900;2021;20210101;73.861;24,94;2961,09;;;;;;;;;
AT13;91900;91900;2022;20220101;73.873;24,94;2961,57;;;;;;;;;
AT13;91900;91900;2023;20230101;75.517;24,94;3027,48;;;;;;;;;
AT13;91900;91900;2024;20240101;75.400;24,94;3022,79;;;;;;;;;
AT13;91900;91900;2025;20250101;76.074;24,94;3049,81;;;;;;;;;
AT13;92000;92000;2002;20020101;76.837;5,71;13455,45;;;;;;;;;
AT13;92000;92000;2003;20030101;78.792;5,71;13797,80;;;;;;;;;
AT13;92000;92000;2004;20040101;79.441;5,71;13911,45;;;;;;;;;
AT13;92000;92000;2005;20050101;80.758;5,71;14142,08;;;;;;;;;
AT13;92000;92000;2006;20060101;81.288;5,71;14234,89;;;;;;;;;
AT13;92000;92000;2007;20070101;81.719;5,71;14310,37;;;;;;;;;
AT13;92000;92000;2008;20080101;81.648;5,71;14297,94;;;;;;;;;
AT13;92000;92000;2009;20090101;81.986;5,71;14357,13;;;;;;;;;
AT13;92000;92000;2010;20100101;82.083;5,71;14374,11;;;;;;;;;
AT13;92000;92000;2011;20110101;82.969;5,71;14529,27;;;;;;;;;
AT13;92000;92000;2012;20120101;83.351;5,71;14596,16;;;;;;;;;
AT13;92000;92000;2013;20130101;83.977;5,71;14705,78;;;;;;;;;
AT13;92000;92000;2014;20140101;84.305;5,71;14763,22;;;;;;;;;
AT13;92000;92000;2015;20150101;85.525;5,71;14976,86;;;;;;;;;
AT13;92000;92000;2016;20160101;85.815;5,71;15027,65;;;;;;;;;
AT13;92000;92000;2017;20170101;86.868;5,71;15212,05;;;;;;;;;
AT13;92000;92000;2018;20180101;87.239;5,71;15277,02;;;;;;;;;
AT13;92000;92000;2019;20190101;86.502;5,71;15147,95;;;;;;;;;
AT13;92000;92000;2020;20200101;86.368;5,71;15124,49;;;;;;;;;
AT13;92000;92000;2021;20210101;85.264;5,71;14931,16;;;;;;;;;
AT13;92000;92000;2022;20220101;84.471;5,71;14792,29;;;;;;;;;
AT13;92000;92000;2023;20230101;85.690;5,71;15005,76;;;;;;;;;
AT13;92000;92000;2024;20240101;86.930;5,71;15222,90;;;;;;;;;
AT13;92000;92000;2025;20250101;86.950;5,71;15226,41;;;;;;;;;
AT13;92100;92100;2002;20020101;129.726;44,44;2918,91;;;;;;;;;
AT13;92100;92100;2003;20030101;131.892;44,44;2967,65;;;;;;;;;
AT13;92100;92100;2004;20040101;133.801;44,44;3010,60;;;;;;;;;
AT13;92100;92100;2005;20050101;134.904;44,44;3035,42;;;;;;;;;
AT13;92100;92100;2006;20060101;136.625;44,44;3074,15;;;;;;;;;
AT13;92100;92100;2007;20070101;137.335;44,44;3090,12;;;;;;;;;
AT13;92100;92100;2008;20080101;138.678;44,44;3120,34;;;;;;;;;
AT13;92100;92100;2009;20090101;139.498;44,44;3138,79;;;;;;;;;
AT13;92100;92100;2010;20100101;140.647;44,44;3164,64;;;;;;;;;
AT13;92100;92100;2011;20110101;142.199;44,44;3199,56;;;;;;;;;
AT13;92100;92100;2012;20120101;144.263;44,44;3246,01;;;;;;;;;
AT13;92100;92100;2013;20130101;146.516;44,44;3296,70;;;;;;;;;
AT13;92100;92100;2014;20140101;148.947;44,44;3351,40;;;;;;;;;
AT13;92100;92100;2015;20150101;151.844;44,44;3416,58;;;;;;;;;
AT13;92100;92100;2016;20160101;155.986;44,44;3509,78;;;;;;;;;
AT13;92100;92100;2017;20170101;158.712;44,44;3571,12;;;;;;;;;
AT13;92100;92100;2018;20180101;162.779;44,44;3662,63;;;;;;;;;
AT13;92100;92100;2019;20190101;165.673;44,44;3727,74;;;;;;;;;
AT13;92100;92100;2020;20200101;167.968;44,44;3779,38;;;;;;;;;
AT13;92100;92100;2021;20210101;173.916;44,44;3913,22;;;;;;;;;
AT13;92100;92100;2022;20220101;178.185;44,44;4009,27;;;;;;;;;
AT13;92100;92100;2023;20230101;183.895;44,44;4137,75;;;;;;;;;
AT13;92100;92100;2024;20240101;186.233;44,44;4190,36;;;;;;;;;
AT13;92100;92100;2025;20250101;189.551;44,44;4265,01;;;;;;;;;
AT13;92200;92200;2002;20020101;138.100;102,30;1349,96;;;;;;;;;
AT13;92200;92200;2003;20030101;140.404;102,30;1372,48;;;;;;;;;
AT13;92200;92200;2004;20040101;142.620;102,30;1394,14;;;;;;;;;
AT13;92200;92200;2005;20050101;144.820;102,30;1415,65;;;;;;;;;
AT13;92200;92200;2006;20060101;146.892;102,30;1435,90;;;;;;;;;
AT13;92200;92200;2007;20070101;149.083;102,30;1457,32;;;;;;;;;
AT13;92200;92200;2008;20080101;150.967;102,30;1475,74;;;;;;;;;
AT13;92200;92200;2009;20090101;153.148;102,30;1497,06;;;;;;;;;
AT13;92200;92200;2010;20100101;155.527;102,30;1520,31;;;;;;;;;
AT13;92200;92200;2011;20110101;158.417;102,30;1548,56;;;;;;;;;
AT13;92200;92200;2012;20120101;161.957;102,30;1583,17;;;;;;;;;
AT13;92200;92200;2013;20130101;165.265;102,30;1615,50;;;;;;;;;
AT13;92200;92200;2014;20140101;168.394;102,30;1646,09;;;;;;;;;
AT13;92200;92200;2015;20150101;172.978;102,30;1690,90;;;;;;;;;
AT13;92200;92200;2016;20160101;180.272;102,30;1762,20;;;;;;;;;
AT13;92200;92200;2017;20170101;184.188;102,30;1800,48;;;;;;;;;
AT13;92200;92200;2018;20180101;187.007;102,30;1828,03;;;;;;;;;
AT13;92200;92200;2019;20190101;191.008;102,30;1867,15;;;;;;;;;
AT13;92200;92200;2020;20200101;195.230;102,30;1908,42;;;;;;;;;
AT13;92200;92200;2021;20210101;198.806;102,30;1943,37;;;;;;;;;
AT13;92200;92200;2022;20220101;203.823;102,30;1992,41;;;;;;;;;
AT13;92200;92200;2023;20230101;212.658;102,30;2078,78;;;;;;;;;
AT13;92200;92200;2024;20240101;220.794;102,30;2158,31;;;;;;;;;
AT13;92200;92200;2025;20250101;228.158;102,30;2230,29;;;;;;;;;
AT13;92300;92300;2002;20020101;85.791;32,06;2675,81;;;;;;;;;
AT13;92300;92300;2003;20030101;86.486;32,06;2697,48;;;;;;;;;
AT13;92300;92300;2004;20040101;87.080;32,06;2716,01;;;;;;;;;
AT13;92300;92300;2005;20050101;87.716;32,06;2735,85;;;;;;;;;
AT13;92300;92300;2006;20060101;89.078;32,06;2778,33;;;;;;;;;
AT13;92300;92300;2007;20070101;90.291;32,06;2816,16;;;;;;;;;
AT13;92300;92300;2008;20080101;91.192;32,06;2844,26;;;;;;;;;
AT13;92300;92300;2009;20090101;91.623;32,06;2857,71;;;;;;;;;
AT13;92300;92300;2010;20100101;92.252;32,06;2877,33;;;;;;;;;
AT13;92300;92300;2011;20110101;93.374;32,06;2912,32;;;;;;;;;
AT13;92300;92300;2012;20120101;94.469;32,06;2946,47;;;;;;;;;
AT13;92300;92300;2013;20130101;95.263;32,06;2971,24;;;;;;;;;
AT13;92300;92300;2014;20140101;96.094;32,06;2997,16;;;;;;;;;
AT13;92300;92300;2015;20150101;96.775;32,06;3018,40;;;;;;;;;
AT13;92300;92300;2016;20160101;98.391;32,06;3068,80;;;;;;;;;
AT13;92300;92300;2017;20170101;101.053;32,06;3151,83;;;;;;;;;
AT13;92300;92300;2018;20180101;103.869;32,06;3239,66;;;;;;;;;
AT13;92300;92300;2019;20190101;106.281;32,06;3314,89;;;;;;;;;
AT13;92300;92300;2020;20200101;110.464;32,06;3445,35;;;;;;;;;
AT13;92300;92300;2021;20210101;111.812;32,06;3487,40;;;;;;;;;
AT13;92300;92300;2022;20220101;115.174;32,06;3592,26;;;;;;;;;
AT13;92300;92300;2023;20230101;117.882;32,06;3676,72;;;;;;;;;
AT13;92300;92300;2024;20240101;121.303;32,06;3783,42;;;;;;;;;
AT13;92300;92300;2025;20250101;123.714;32,06;3858,62;;;;;;;;;
