Bevölkerung im Alter 25-64 Jahre nach höchster abgeschlossener Schulbildung (in Prozent) seit 2008 - Bezirke Wien | Population aged 25-64 by highest completed educational attainment (in percent) since 2008 - districts of Vienna;;;;;;;;;;;;;;;;;;;
NUTS;DISTRICT_CODE;SUB_DISTRICT_CODE;REF_YEAR;REF_DATE;EDU_ALL;EDU_LEH;EDU_BMS;EDU_AHS;EDU_BHS;EDU_KOL;EDU_ACA;EDU_UNI;EDU_AKA;;;;;;
AT13;90000;90000;2008;20081031;22,05;26,58;11,84;9,96;8,30;1,02;2,42;17,84;20,26;;;;;;
AT13;90100;90100;2008;20081031;11,68;13,02;8,88;16,10;7,45;1,33;2,46;39,08;41,53;;;;;;
AT13;90200;90200;2008;20081031;24,89;24,56;9,79;10,41;7,74;0,91;2,50;19,21;21,71;;;;;;
AT13;90300;90300;2008;20081031;19,95;20,73;10,15;12,17;8,41;1,23;2,75;24,61;27,36;;;;;;
AT13;90400;90400;2008;20081031;14,16;15,23;8,83;14,62;8,70;1,27;2,97;34,22;37,19;;;;;;
AT13;90500;90500;2008;20081031;24,95;21,92;9,31;11,19;8,20;1,15;2,34;20,93;23,27;;;;;;
AT13;90600;90600;2008;20081031;15,12;17,11;9,36;14,18;9,42;1,49;2,72;30,60;33,33;;;;;;
AT13;90700;90700;2008;20081031;14,39;15,06;8,89;14,64;8,97;1,46;2,96;33,63;36,59;;;;;;
AT13;90800;90800;2008;20081031;11,87;13,23;8,23;15,28;8,79;1,35;3,21;38,04;41,25;;;;;;
AT13;90900;90900;2008;20081031;14,60;15,43;8,63;14,61;8,72;1,25;3,14;33,63;36,77;;;;;;
AT13;91000;91000;2008;20081031;29,28;32,59;12,33;7,11;7,42;0,76;1,64;8,87;10,51;;;;;;
AT13;91100;91100;2008;20081031;26,32;35,66;13,46;6,84;7,70;0,75;1,58;7,71;9,29;;;;;;
AT13;91200;91200;2008;20081031;27,05;27,84;11,92;8,68;8,00;0,82;2,06;13,62;15,68;;;;;;
AT13;91300;91300;2008;20081031;11,29;18,12;12,50;12,95;9,22;1,48;3,65;30,80;34,44;;;;;;
AT13;91400;91400;2008;20081031;19,65;25,86;13,28;10,16;8,98;1,15;2,88;18,05;20,93;;;;;;
AT13;91500;91500;2008;20081031;30,60;25,52;10,20;9,13;7,25;0,81;2,13;14,36;16,49;;;;;;
AT13;91600;91600;2008;20081031;28,17;26,22;11,03;9,17;7,55;0,87;2,39;14,59;16,99;;;;;;
AT13;91700;91700;2008;20081031;24,07;22,96;10,68;10,56;7,82;1,08;2,76;20,07;22,83;;;;;;
AT13;91800;91800;2008;20081031;15,33;16,65;9,40;13,06;8,08;1,19;3,28;33,02;36,29;;;;;;
AT13;91900;91900;2008;20081031;14,44;19,85;10,66;13,44;8,39;1,29;2,91;29,03;31,94;;;;;;
AT13;92000;92000;2008;20081031;29,93;27,90;10,74;8,55;7,24;0,79;1,87;12,98;14,85;;;;;;
AT13;92100;92100;2008;20081031;21,70;35,42;14,19;7,59;8,31;0,83;2,23;9,73;11,96;;;;;;
AT13;92200;92200;2008;20081031;17,49;34,50;15,71;8,37;9,46;1,02;2,34;11,11;13,45;;;;;;
AT13;92300;92300;2008;20081031;16,37;29,79;15,01;9,33;10,30;1,20;2,72;15,30;18,01;;;;;;
AT13;90000;90000;2009;20091031;22,71;25,76;11,53;9,85;8,11;1,04;2,40;18,59;20,99;;;;;;
AT13;90100;90100;2009;20091031;12,03;12,83;8,48;15,98;7,09;1,30;2,28;40,01;42,30;;;;;;
AT13;90200;90200;2009;20091031;25,35;23,58;9,50;10,19;7,49;0,95;2,50;20,44;22,94;;;;;;
AT13;90300;90300;2009;20091031;20,14;19,95;9,81;12,09;8,31;1,24;2,79;25,65;28,45;;;;;;
AT13;90400;90400;2009;20091031;14,48;14,51;8,31;14,14;8,89;1,31;2,99;35,37;38,35;;;;;;
AT13;90500;90500;2009;20091031;25,47;20,96;8,92;11,12;7,92;1,15;2,31;22,15;24,46;;;;;;
AT13;90600;90600;2009;20091031;15,60;16,49;8,90;14,00;9,24;1,47;2,72;31,58;34,30;;;;;;
AT13;90700;90700;2009;20091031;14,29;14,28;8,58;14,22;8,89;1,53;2,82;35,39;38,21;;;;;;
AT13;90800;90800;2009;20091031;11,90;12,87;8,10;15,09;8,67;1,32;3,14;38,91;42,05;;;;;;
AT13;90900;90900;2009;20091031;14,38;14,79;8,34;14,15;8,65;1,27;3,17;35,24;38,42;;;;;;
AT13;91000;91000;2009;20091031;30,61;31,61;12,01;7,04;7,13;0,78;1,59;9,24;10,83;;;;;;
AT13;91100;91100;2009;20091031;27,35;34,67;13,24;6,88;7,46;0,74;1,52;8,14;9,66;;;;;;
AT13;91200;91200;2009;20091031;28,00;26,93;11,60;8,63;7,73;0,83;2,07;14,21;16,28;;;;;;
AT13;91300;91300;2009;20091031;11,64;17,63;12,10;12,49;8,97;1,53;3,61;32,03;35,64;;;;;;
AT13;91400;91400;2009;20091031;20,18;25,20;12,89;10,08;8,76;1,16;2,91;18,81;21,72;;;;;;
AT13;91500;91500;2009;20091031;31,27;24,62;9,85;9,11;7,08;0,89;2,13;15,06;17,18;;;;;;
AT13;91600;91600;2009;20091031;28,88;25,19;10,75;9,12;7,33;0,88;2,39;15,44;17,84;;;;;;
AT13;91700;91700;2009;20091031;24,62;22,19;10,33;10,32;7,62;1,13;2,79;20,98;23,78;;;;;;
AT13;91800;91800;2009;20091031;15,56;16,03;9,13;12,84;7,76;1,24;3,20;34,24;37,44;;;;;;
AT13;91900;91900;2009;20091031;14,73;19,17;10,34;13,23;8,44;1,27;2,87;29,94;32,81;;;;;;
AT13;92000;92000;2009;20091031;30,92;26,85;10,42;8,48;7,04;0,78;1,87;13,63;15,50;;;;;;
AT13;92100;92100;2009;20091031;22,51;34,54;13,97;7,60;8,17;0,86;2,22;10,15;12,37;;;;;;
AT13;92200;92200;2009;20091031;18,15;33,62;15,48;8,45;9,33;1,05;2,35;11,58;13,92;;;;;;
AT13;92300;92300;2009;20091031;16,94;29,14;14,72;9,29;10,09;1,21;2,72;15,88;18,60;;;;;;
AT13;90000;90000;2010;20101031;23,04;25,18;11,28;10,00;8,12;1,02;2,34;19,01;21,36;;;;;;
AT13;90100;90100;2010;20101031;11,65;12,32;8,35;16,15;7,19;1,23;2,47;40,63;43,11;;;;;;
AT13;90200;90200;2010;20101031;25,91;22,92;9,08;10,38;7,39;0,96;2,31;21,05;23,37;;;;;;
AT13;90300;90300;2010;20101031;20,34;19,38;9,67;12,04;8,30;1,24;2,76;26,27;29,03;;;;;;
AT13;90400;90400;2010;20101031;14,73;14,35;7,99;14,40;8,84;1,28;2,83;35,58;38,41;;;;;;
AT13;90500;90500;2010;20101031;25,58;20,25;8,65;11,32;8,02;1,11;2,28;22,78;25,06;;;;;;
AT13;90600;90600;2010;20101031;15,49;15,92;8,74;14,05;9,12;1,42;2,73;32,52;35,25;;;;;;
AT13;90700;90700;2010;20101031;13,90;13,56;8,28;14,47;8,88;1,46;2,71;36,74;39,45;;;;;;
AT13;90800;90800;2010;20101031;11,83;12,65;7,87;15,20;8,61;1,28;2,96;39,60;42,56;;;;;;
AT13;90900;90900;2010;20101031;14,14;14,27;8,01;14,61;8,61;1,25;2,97;36,13;39,10;;;;;;
AT13;91000;91000;2010;20101031;31,43;30,99;11,67;7,05;7,16;0,77;1,57;9,36;10,93;;;;;;
AT13;91100;91100;2010;20101031;27,78;34,13;13,12;7,02;7,60;0,72;1,47;8,16;9,64;;;;;;
AT13;91200;91200;2010;20101031;28,45;26,27;11,32;8,73;7,76;0,86;2,08;14,53;16,61;;;;;;
AT13;91300;91300;2010;20101031;11,75;17,24;11,75;12,69;9,01;1,52;3,52;32,52;36,04;;;;;;
AT13;91400;91400;2010;20101031;20,55;24,47;12,60;10,23;8,71;1,18;2,87;19,39;22,26;;;;;;
AT13;91500;91500;2010;20101031;31,29;24,00;9,69;9,43;7,10;0,85;2,09;15,56;17,65;;;;;;
AT13;91600;91600;2010;20101031;29,33;24,40;10,38;9,29;7,40;0,89;2,35;15,97;18,31;;;;;;
AT13;91700;91700;2010;20101031;24,86;21,63;10,08;10,52;7,43;1,07;2,60;21,80;24,40;;;;;;
AT13;91800;91800;2010;20101031;15,26;15,32;8,81;13,32;7,68;1,20;3,11;35,29;38,40;;;;;;
AT13;91900;91900;2010;20101031;14,98;18,71;10,00;13,54;8,28;1,23;2,81;30,46;33,27;;;;;;
AT13;92000;92000;2010;20101031;31,50;26,11;10,17;8,60;7,08;0,78;1,82;13,94;15,76;;;;;;
AT13;92100;92100;2010;20101031;22,91;33,87;13,78;7,75;8,21;0,85;2,18;10,45;12,64;;;;;;
AT13;92200;92200;2010;20101031;18,46;32,97;15,28;8,57;9,42;1,05;2,32;11,93;14,25;;;;;;
AT13;92300;92300;2010;20101031;17,28;28,69;14,41;9,46;10,10;1,21;2,67;16,18;18,85;;;;;;
AT13;90000;90000;2011;20111031;23,17;24,67;11,12;9,90;8,10;0,98;2,35;19,73;22,07;;;;;;
AT13;90100;90100;2011;20111031;11,27;11,90;7,95;16,12;6,74;1,25;2,53;42,24;44,77;;;;;;
AT13;90200;90200;2011;20111031;25,85;22,22;8,96;10,20;7,34;0,90;2,30;22,24;24,54;;;;;;
AT13;90300;90300;2011;20111031;20,33;18,82;9,45;11,94;8,28;1,23;2,76;27,18;29,94;;;;;;
AT13;90400;90400;2011;20111031;14,77;14,07;7,76;14,12;8,59;1,28;2,80;36,60;39,40;;;;;;
AT13;90500;90500;2011;20111031;25,46;19,76;8,53;11,18;7,91;1,11;2,25;23,79;26,05;;;;;;
AT13;90600;90600;2011;20111031;15,16;15,15;8,57;13,89;9,09;1,30;2,68;34,16;36,84;;;;;;
AT13;90700;90700;2011;20111031;13,26;13,36;8,30;14,13;8,70;1,26;2,78;38,20;40,98;;;;;;
AT13;90800;90800;2011;20111031;11,34;12,39;7,81;15,21;8,49;1,26;2,94;40,57;43,51;;;;;;
AT13;90900;90900;2011;20111031;13,89;13,80;7,81;14,52;8,35;1,14;2,95;37,55;40,50;;;;;;
AT13;91000;91000;2011;20111031;32,06;30,29;11,48;7,03;7,14;0,75;1,55;9,70;11,25;;;;;;
AT13;91100;91100;2011;20111031;28,05;33,64;13,03;7,00;7,67;0,67;1,50;8,44;9,94;;;;;;
AT13;91200;91200;2011;20111031;28,90;25,69;11,19;8,73;7,68;0,81;2,15;14,84;17,00;;;;;;
AT13;91300;91300;2011;20111031;11,82;16,93;11,42;12,52;8,90;1,43;3,53;33,44;36,97;;;;;;
AT13;91400;91400;2011;20111031;20,55;24,12;12,26;10,12;8,66;1,12;2,92;20,25;23,17;;;;;;
AT13;91500;91500;2011;20111031;31,25;23,51;9,58;9,32;7,05;0,83;2,02;16,44;18,46;;;;;;
AT13;91600;91600;2011;20111031;29,05;23,89;10,26;9,29;7,35;0,83;2,38;16,95;19,34;;;;;;
AT13;91700;91700;2011;20111031;24,86;21,07;9,96;10,32;7,57;1,02;2,60;22,61;25,21;;;;;;
AT13;91800;91800;2011;20111031;15,06;14,78;8,64;12,95;7,62;1,19;3,17;36,59;39,76;;;;;;
AT13;91900;91900;2011;20111031;15,02;18,20;9,90;13,32;8,24;1,14;2,74;31,44;34,18;;;;;;
AT13;92000;92000;2011;20111031;31,74;25,31;9,93;8,61;7,18;0,76;1,79;14,68;16,47;;;;;;
AT13;92100;92100;2011;20111031;23,21;33,15;13,67;7,76;8,18;0,82;2,19;11,03;13,22;;;;;;
AT13;92200;92200;2011;20111031;18,57;32,25;15,06;8,55;9,56;1,03;2,34;12,63;14,97;;;;;;
AT13;92300;92300;2011;20111031;17,55;28,26;14,09;9,41;10,11;1,15;2,70;16,74;19,43;;;;;;
AT13;90000;90000;2012;20121031;23,26;24,01;10,89;9,79;8,13;0,99;2,31;20,61;22,93;;;;;;
AT13;90100;90100;2012;20121031;11,10;11,70;7,79;15,65;6,77;1,16;2,53;43,31;45,84;;;;;;
AT13;90200;90200;2012;20121031;24,89;21,38;8,85;10,19;7,47;0,93;2,28;24,01;26,29;;;;;;
AT13;90300;90300;2012;20121031;19,97;18,26;9,21;11,74;8,34;1,20;2,75;28,54;31,28;;;;;;
AT13;90400;90400;2012;20121031;14,53;13,51;7,50;13,82;8,71;1,30;2,85;37,79;40,63;;;;;;
AT13;90500;90500;2012;20121031;25,27;19,20;8,51;11,09;7,81;1,13;2,23;24,75;26,98;;;;;;
AT13;90600;90600;2012;20121031;15,27;14,88;8,36;13,46;9,04;1,20;2,72;35,07;37,79;;;;;;
AT13;90700;90700;2012;20121031;13,11;12,92;8,06;14,12;8,76;1,29;2,69;39,04;41,73;;;;;;
AT13;90800;90800;2012;20121031;11,66;12,32;7,58;14,84;8,04;1,14;2,84;41,58;44,42;;;;;;
AT13;90900;90900;2012;20121031;13,62;13,49;7,82;13,99;8,29;1,11;2,74;38,93;41,67;;;;;;
AT13;91000;91000;2012;20121031;33,14;29,37;11,18;6,96;7,13;0,76;1,53;9,92;11,46;;;;;;
AT13;91100;91100;2012;20121031;28,39;32,95;12,92;6,96;7,76;0,68;1,47;8,87;10,34;;;;;;
AT13;91200;91200;2012;20121031;28,83;25,05;11,01;8,60;7,75;0,79;2,09;15,87;17,96;;;;;;
AT13;91300;91300;2012;20121031;12,15;16,55;10,87;12,35;8,84;1,35;3,41;34,48;37,89;;;;;;
AT13;91400;91400;2012;20121031;20,51;23,35;11,99;10,19;8,70;1,15;2,92;21,19;24,11;;;;;;
AT13;91500;91500;2012;20121031;30,77;22,80;9,29;9,26;7,25;0,89;2,03;17,71;19,74;;;;;;
AT13;91600;91600;2012;20121031;28,80;23,02;10,25;9,24;7,44;0,89;2,37;18,00;20,37;;;;;;
AT13;91700;91700;2012;20121031;24,58;20,52;9,75;10,30;7,56;1,01;2,57;23,72;26,29;;;;;;
AT13;91800;91800;2012;20121031;14,97;14,43;8,30;12,77;7,54;1,17;3,15;37,67;40,82;;;;;;
AT13;91900;91900;2012;20121031;15,13;17,60;9,67;13,04;8,17;1,15;2,75;32,48;35,24;;;;;;
AT13;92000;92000;2012;20121031;31,83;24,71;9,65;8,55;7,09;0,74;1,80;15,64;17,44;;;;;;
AT13;92100;92100;2012;20121031;23,62;32,46;13,42;7,73;8,27;0,84;2,14;11,53;13,67;;;;;;
AT13;92200;92200;2012;20121031;18,78;31,28;14,80;8,53;9,69;1,09;2,32;13,52;15,85;;;;;;
AT13;92300;92300;2012;20121031;17,74;27,66;13,69;9,33;10,17;1,16;2,61;17,63;20,24;;;;;;
AT13;90000;90000;2013;20131031;23,77;23,22;10,58;9,73;7,95;0,99;2,24;21,53;23,77;;;;;;
AT13;90100;90100;2013;20131031;10,97;11,18;7,63;15,29;6,83;1,18;2,48;44,44;46,91;;;;;;
AT13;90200;90200;2013;20131031;25,13;20,57;8,40;10,18;7,32;0,92;2,21;25,27;27,48;;;;;;
AT13;90300;90300;2013;20131031;20,08;17,58;8,88;11,74;8,03;1,21;2,60;29,87;32,47;;;;;;
AT13;90400;90400;2013;20131031;14,73;12,99;7,29;13,81;8,46;1,18;2,72;38,81;41,53;;;;;;
AT13;90500;90500;2013;20131031;25,49;18,45;8,21;11,14;7,56;1,11;2,17;25,86;28,03;;;;;;
AT13;90600;90600;2013;20131031;15,61;14,23;8,04;13,62;8,51;1,32;2,65;36,02;38,67;;;;;;
AT13;90700;90700;2013;20131031;13,04;12,44;7,66;13,58;8,37;1,30;2,61;41,00;43,61;;;;;;
AT13;90800;90800;2013;20131031;12,06;11,92;7,38;14,41;7,75;1,11;2,70;42,66;45,37;;;;;;
AT13;90900;90900;2013;20131031;13,47;12,86;7,74;13,60;7,85;1,12;2,65;40,72;43,37;;;;;;
AT13;91000;91000;2013;20131031;34,32;28,24;10,85;6,93;7,00;0,73;1,48;10,45;11,93;;;;;;
AT13;91100;91100;2013;20131031;29,19;32,28;12,60;6,96;7,67;0,68;1,39;9,23;10,62;;;;;;
AT13;91200;91200;2013;20131031;29,43;24,26;10,60;8,62;7,49;0,82;2,03;16,73;18,76;;;;;;
AT13;91300;91300;2013;20131031;12,52;16,17;10,56;12,24;8,63;1,25;3,30;35,33;38,63;;;;;;
AT13;91400;91400;2013;20131031;20,95;22,50;11,81;9,95;8,60;1,18;2,82;22,20;25,02;;;;;;
AT13;91500;91500;2013;20131031;31,11;22,00;8,99;9,28;7,04;0,90;1,91;18,77;20,68;;;;;;
AT13;91600;91600;2013;20131031;29,42;22,01;9,84;9,19;7,21;0,89;2,28;19,15;21,43;;;;;;
AT13;91700;91700;2013;20131031;24,97;19,49;9,51;10,26;7,37;1,02;2,48;24,91;27,39;;;;;;
AT13;91800;91800;2013;20131031;15,02;13,89;8,04;12,60;7,37;1,14;3,09;38,85;41,95;;;;;;
AT13;91900;91900;2013;20131031;15,46;16,94;9,38;12,98;7,98;1,15;2,67;33,43;36,11;;;;;;
AT13;92000;92000;2013;20131031;32,55;23,86;9,46;8,52;6,71;0,76;1,70;16,44;18,14;;;;;;
AT13;92100;92100;2013;20131031;24,19;31,72;13,08;7,70;8,20;0,84;2,09;12,18;14,27;;;;;;
AT13;92200;92200;2013;20131031;19,29;30,39;14,48;8,58;9,64;1,10;2,26;14,25;16,51;;;;;;
AT13;92300;92300;2013;20131031;18,21;26,87;13,42;9,16;10,12;1,17;2,58;18,46;21,04;;;;;;
AT13;90000;90000;2014;20141031;24,06;22,53;10,37;9,74;7,96;1,00;2,19;22,15;24,34;;;;;;
AT13;90100;90100;2014;20141031;10,71;10,98;7,58;15,12;6,82;1,20;2,50;45,11;47,61;;;;;;
AT13;90200;90200;2014;20141031;24,82;19,65;8,32;10,34;7,34;0,93;2,15;26,45;28,60;;;;;;
AT13;90300;90300;2014;20141031;20,10;16,95;8,78;11,53;8,10;1,22;2,58;30,73;33,32;;;;;;
AT13;90400;90400;2014;20141031;14,54;12,58;7,26;13,63;8,38;1,25;2,65;39,71;42,36;;;;;;
AT13;90500;90500;2014;20141031;25,70;17,67;8,05;11,13;7,66;1,10;2,12;26,57;28,69;;;;;;
AT13;90600;90600;2014;20141031;15,92;13,86;7,97;13,43;8,32;1,30;2,51;36,70;39,20;;;;;;
AT13;90700;90700;2014;20141031;13,10;11,90;7,37;13,54;8,33;1,28;2,50;41,99;44,49;;;;;;
AT13;90800;90800;2014;20141031;12,07;11,76;7,03;14,20;8,01;1,13;2,61;43,18;45,79;;;;;;
AT13;90900;90900;2014;20141031;13,33;12,34;7,42;13,61;7,76;1,18;2,56;41,81;44,37;;;;;;
AT13;91000;91000;2014;20141031;34,47;27,42;10,60;7,02;7,22;0,76;1,50;11,00;12,51;;;;;;
AT13;91100;91100;2014;20141031;29,88;31,33;12,32;7,10;7,58;0,71;1,39;9,69;11,07;;;;;;
AT13;91200;91200;2014;20141031;29,85;23,68;10,48;8,65;7,52;0,87;1,99;16,97;18,96;;;;;;
AT13;91300;91300;2014;20141031;12,95;15,80;10,31;12,20;8,66;1,21;3,17;35,69;38,86;;;;;;
AT13;91400;91400;2014;20141031;21,35;21,91;11,42;9,97;8,59;1,16;2,73;22,88;25,61;;;;;;
AT13;91500;91500;2014;20141031;31,48;21,03;8,86;9,29;7,16;0,90;1,93;19,35;21,28;;;;;;
AT13;91600;91600;2014;20141031;29,79;21,32;9,69;9,15;7,14;0,90;2,20;19,80;22,01;;;;;;
AT13;91700;91700;2014;20141031;25,24;19,06;9,15;10,18;7,26;1,05;2,44;25,61;28,05;;;;;;
AT13;91800;91800;2014;20141031;15,16;13,44;7,80;12,56;7,26;1,18;2,88;39,72;42,59;;;;;;
AT13;91900;91900;2014;20141031;15,74;16,53;9,13;13,00;7,89;1,14;2,62;33,95;36,57;;;;;;
AT13;92000;92000;2014;20141031;33,12;23,13;9,21;8,68;6,67;0,76;1,62;16,81;18,43;;;;;;
AT13;92100;92100;2014;20141031;24,79;30,88;12,84;7,66;8,30;0,87;2,07;12,59;14,66;;;;;;
AT13;92200;92200;2014;20141031;19,55;29,55;14,23;8,65;9,65;1,10;2,22;15,04;17,27;;;;;;
AT13;92300;92300;2014;20141031;18,58;26,30;13,29;9,21;10,02;1,19;2,57;18,84;21,40;;;;;;
AT13;90000;90000;2015;20151031;22,53;23,19;9,89;10,42;7,88;0,96;1,93;23,20;25,13;;;;;;
AT13;90100;90100;2015;20151031;9,59;10,10;7,82;14,81;7,21;1,21;2,33;46,94;49,27;;;;;;
AT13;90200;90200;2015;20151031;22,82;20,04;7,79;11,01;7,25;0,87;1,86;28,37;30,22;;;;;;
AT13;90300;90300;2015;20151031;17,79;17,68;8,51;12,18;8,03;1,15;2,25;32,41;34,66;;;;;;
AT13;90400;90400;2015;20151031;13,80;13,33;6,92;13,81;8,17;1,10;2,19;40,69;42,89;;;;;;
AT13;90500;90500;2015;20151031;24,06;18,35;7,56;11,99;7,52;1,06;1,84;27,62;29,45;;;;;;
AT13;90600;90600;2015;20151031;14,43;14,55;7,30;13,90;8,14;1,12;2,18;38,38;40,56;;;;;;
AT13;90700;90700;2015;20151031;11,94;11,97;6,96;13,66;8,18;1,26;2,25;43,77;46,02;;;;;;
AT13;90800;90800;2015;20151031;11,50;11,52;6,93;14,48;7,45;1,10;2,19;44,83;47,02;;;;;;
AT13;90900;90900;2015;20151031;12,34;12,71;7,04;13,82;7,49;1,12;2,19;43,28;45,47;;;;;;
AT13;91000;91000;2015;20151031;33,01;28,47;9,97;7,92;7,10;0,72;1,26;11,53;12,80;;;;;;
AT13;91100;91100;2015;20151031;28,35;31,81;11,84;7,89;7,70;0,68;1,23;10,50;11,73;;;;;;
AT13;91200;91200;2015;20151031;28,67;24,61;9,94;9,27;7,29;0,82;1,74;17,65;19,39;;;;;;
AT13;91300;91300;2015;20151031;11,76;16,41;9,58;12,89;8,69;1,19;2,83;36,63;39,47;;;;;;
AT13;91400;91400;2015;20151031;19,78;22,89;10,73;10,86;8,37;1,15;2,48;23,74;26,22;;;;;;
AT13;91500;91500;2015;20151031;28,73;22,82;8,12;10,60;7,01;0,87;1,55;20,31;21,86;;;;;;
AT13;91600;91600;2015;20151031;27,92;22,33;9,60;9,89;6,81;0,83;1,94;20,68;22,62;;;;;;
AT13;91700;91700;2015;20151031;23,57;20,02;8,87;10,77;7,07;1,05;2,14;26,50;28,64;;;;;;
AT13;91800;91800;2015;20151031;14,01;13,77;7,52;12,82;7,03;1,12;2,57;41,15;43,72;;;;;;
AT13;91900;91900;2015;20151031;14,26;16,67;8,64;13,51;7,88;1,11;2,41;35,51;37,93;;;;;;
AT13;92000;92000;2015;20151031;31,11;23,71;8,60;9,66;6,69;0,74;1,40;18,10;19,50;;;;;;
AT13;92100;92100;2015;20151031;23,55;31,33;12,34;8,33;8,29;0,87;1,80;13,49;15,29;;;;;;
AT13;92200;92200;2015;20151031;18,19;29,59;13,66;9,43;9,76;1,07;2,05;16,25;18,30;;;;;;
AT13;92300;92300;2015;20151031;17,94;26,74;12,70;9,63;9,99;1,19;2,37;19,44;21,80;;;;;;
AT13;90000;90000;2016;20161031;22,43;22,82;9,74;10,56;7,82;0,98;1,87;23,78;25,65;;;;;;
AT13;90100;90100;2016;20161031;9,29;10,23;7,63;15,26;6,93;1,09;2,19;47,37;49,57;;;;;;
AT13;90200;90200;2016;20161031;22,30;19,66;7,71;11,13;7,23;0,89;1,85;29,23;31,08;;;;;;
AT13;90300;90300;2016;20161031;17,67;17,37;8,46;12,14;8,07;1,15;2,12;33,01;35,14;;;;;;
AT13;90400;90400;2016;20161031;13,71;13,10;6,76;13,89;8,07;1,10;2,17;41,21;43,38;;;;;;
AT13;90500;90500;2016;20161031;23,47;17,95;7,53;12,15;7,45;1,09;1,80;28,56;30,36;;;;;;
AT13;90600;90600;2016;20161031;14,25;14,13;6,97;13,88;8,06;1,23;2,10;39,38;41,48;;;;;;
AT13;90700;90700;2016;20161031;11,69;11,96;6,74;13,62;8,06;1,29;2,10;44,53;46,64;;;;;;
AT13;90800;90800;2016;20161031;11,33;11,55;6,75;14,35;7,39;1,12;2,08;45,42;47,49;;;;;;
AT13;90900;90900;2016;20161031;12,10;12,12;7,07;13,75;7,49;1,12;2,10;44,25;46,35;;;;;;
AT13;91000;91000;2016;20161031;33,11;27,97;9,80;8,15;7,06;0,71;1,25;11,95;13,21;;;;;;
AT13;91100;91100;2016;20161031;28,48;31,29;11,66;8,10;7,56;0,70;1,19;11,01;12,20;;;;;;
AT13;91200;91200;2016;20161031;28,55;24,20;9,78;9,50;7,30;0,84;1,68;18,16;19,84;;;;;;
AT13;91300;91300;2016;20161031;12,01;16,22;9,45;12,93;8,51;1,19;2,75;36,94;39,69;;;;;;
AT13;91400;91400;2016;20161031;19,67;22,59;10,59;10,97;8,31;1,17;2,43;24,27;26,70;;;;;;
AT13;91500;91500;2016;20161031;28,23;22,42;8,00;10,85;6,93;0,85;1,49;21,23;22,72;;;;;;
AT13;91600;91600;2016;20161031;27,67;22,03;9,37;10,10;6,69;0,83;1,88;21,44;23,32;;;;;;
AT13;91700;91700;2016;20161031;23,10;19,58;8,91;11,12;7,02;1,08;2,10;27,10;29,20;;;;;;
AT13;91800;91800;2016;20161031;13,63;13,47;7,43;12,97;7,02;1,12;2,50;41,86;44,36;;;;;;
AT13;91900;91900;2016;20161031;14,33;16,59;8,51;13,40;7,82;1,10;2,30;35,95;38,25;;;;;;
AT13;92000;92000;2016;20161031;30,91;23,43;8,55;9,91;6,60;0,74;1,39;18,47;19,86;;;;;;
AT13;92100;92100;2016;20161031;23,72;30,70;12,14;8,45;8,23;0,89;1,75;14,11;15,86;;;;;;
AT13;92200;92200;2016;20161031;18,14;28,99;13,38;9,66;9,76;1,11;1,99;16,97;18,96;;;;;;
AT13;92300;92300;2016;20161031;18,16;26,41;12,43;9,72;9,90;1,23;2,30;19,85;22,15;;;;;;
AT13;90000;90000;2017;20171031;21,97;22,61;9,66;10,91;7,69;1,00;1,83;24,33;26,16;;;;;;
AT13;90100;90100;2017;20171031;8,88;10,17;7,81;15,63;6,95;1,02;2,10;47,44;49,55;;;;;;
AT13;90200;90200;2017;20171031;21,41;19,36;7,65;11,52;7,13;0,91;1,80;30,24;32,04;;;;;;
AT13;90300;90300;2017;20171031;17,07;17,19;8,41;12,38;7,77;1,22;2,10;33,85;35,95;;;;;;
AT13;90400;90400;2017;20171031;13,13;12,90;6,69;14,50;7,55;1,10;2,01;42,13;44,14;;;;;;
AT13;90500;90500;2017;20171031;22,36;17,64;7,43;12,86;7,21;1,14;1,79;29,58;31,37;;;;;;
AT13;90600;90600;2017;20171031;13,85;13,96;6,85;14,22;7,71;1,23;2,00;40,17;42,17;;;;;;
AT13;90700;90700;2017;20171031;11,13;11,93;6,46;14,22;7,75;1,31;2,10;45,12;47,21;;;;;;
AT13;90800;90800;2017;20171031;10,65;11,61;6,82;14,65;6,96;1,12;2,14;46,05;48,19;;;;;;
AT13;90900;90900;2017;20171031;11,95;11,90;6,77;14,44;7,29;1,14;2,01;44,51;46,52;;;;;;
AT13;91000;91000;2017;20171031;32,65;27,64;9,69;8,52;7,04;0,74;1,26;12,45;13,71;;;;;;
AT13;91100;91100;2017;20171031;27,95;31,13;11,46;8,48;7,52;0,72;1,21;11,52;12,73;;;;;;
AT13;91200;91200;2017;20171031;27,72;23,93;9,79;9,91;7,25;0,86;1,69;18,85;20,54;;;;;;
AT13;91300;91300;2017;20171031;11,58;15,79;9,45;12,99;8,53;1,20;2,71;37,76;40,47;;;;;;
AT13;91400;91400;2017;20171031;19,31;22,07;10,66;11,10;8,22;1,22;2,34;25,08;27,42;;;;;;
AT13;91500;91500;2017;20171031;27,43;22,30;8,06;11,50;6,82;0,89;1,49;21,50;23,00;;;;;;
AT13;91600;91600;2017;20171031;26,93;21,96;9,38;10,48;6,60;0,86;1,83;21,96;23,80;;;;;;
AT13;91700;91700;2017;20171031;22,24;19,34;8,74;11,56;6,89;1,06;2,03;28,13;30,16;;;;;;
AT13;91800;91800;2017;20171031;13,36;13,09;7,41;13,19;6,82;1,14;2,42;42,57;44,99;;;;;;
AT13;91900;91900;2017;20171031;14,28;16,54;8,55;13,53;7,59;1,16;2,27;36,08;38,34;;;;;;
AT13;92000;92000;2017;20171031;30,50;23,28;8,38;10,35;6,38;0,74;1,31;19,06;20,37;;;;;;
AT13;92100;92100;2017;20171031;23,65;30,43;11,97;8,84;8,03;0,91;1,70;14,47;16,16;;;;;;
AT13;92200;92200;2017;20171031;17,93;28,64;13,19;9,91;9,73;1,12;1,93;17,55;19,48;;;;;;
AT13;92300;92300;2017;20171031;18,19;26,30;12,18;9,84;9,81;1,23;2,19;20,26;22,44;;;;;;
AT13;90000;90000;2018;20181031;21,72;22,09;9,46;11,12;7,56;1,00;1,77;25,29;27,06;;;;;;
AT13;90100;90100;2018;20181031;8,65;9,51;7,53;15,70;7,00;1,06;2,02;48,52;50,54;;;;;;
AT13;90200;90200;2018;20181031;20,76;18,62;7,49;11,70;6,91;0,91;1,75;31,86;33,61;;;;;;
AT13;90300;90300;2018;20181031;16,51;16,63;8,16;12,58;7,76;1,22;2,04;35,11;37,15;;;;;;
AT13;90400;90400;2018;20181031;12,57;12,35;6,37;14,29;7,51;1,13;1,91;43,87;45,78;;;;;;
AT13;90500;90500;2018;20181031;21,54;17,26;7,06;13,17;6,93;1,15;1,71;31,18;32,89;;;;;;
AT13;90600;90600;2018;20181031;13,31;13,76;6,75;14,61;7,30;1,19;1,87;41,20;43,07;;;;;;
AT13;90700;90700;2018;20181031;10,67;11,31;6,07;14,36;7,36;1,33;1,98;46,91;48,89;;;;;;
AT13;90800;90800;2018;20181031;9,98;10,83;6,74;14,95;6,87;1,15;2,19;47,30;49,50;;;;;;
AT13;90900;90900;2018;20181031;11,53;11,25;6,52;14,23;6,88;1,05;1,94;46,61;48,54;;;;;;
AT13;91000;91000;2018;20181031;32,75;27,08;9,36;8,76;6,99;0,73;1,24;13,10;14,34;;;;;;
AT13;91100;91100;2018;20181031;27,86;30,68;11,33;8,68;7,42;0,71;1,22;12,10;13,32;;;;;;
AT13;91200;91200;2018;20181031;27,23;23,30;9,71;10,19;7,19;0,88;1,61;19,89;21,50;;;;;;
AT13;91300;91300;2018;20181031;11,28;15,27;9,13;13,25;8,47;1,18;2,57;38,84;41,41;;;;;;
AT13;91400;91400;2018;20181031;19,07;21,38;10,58;11,39;7,97;1,18;2,25;26,17;28,42;;;;;;
AT13;91500;91500;2018;20181031;26,77;21,91;7,89;11,66;6,64;0,92;1,46;22,74;24,20;;;;;;
AT13;91600;91600;2018;20181031;26,40;21,41;9,34;10,85;6,50;0,87;1,81;22,84;24,64;;;;;;
AT13;91700;91700;2018;20181031;21,86;18,67;8,65;11,69;6,76;1,09;2,03;29,24;31,28;;;;;;
AT13;91800;91800;2018;20181031;13,04;12,58;7,07;13,16;6,55;1,13;2,39;44,07;46,47;;;;;;
AT13;91900;91900;2018;20181031;14,16;16,00;8,26;13,70;7,27;1,18;2,19;37,25;39,43;;;;;;
AT13;92000;92000;2018;20181031;29,88;22,72;8,46;10,83;6,28;0,75;1,30;19,78;21,08;;;;;;
AT13;92100;92100;2018;20181031;23,76;29,90;11,69;9,07;7,95;0,93;1,61;15,10;16,71;;;;;;
AT13;92200;92200;2018;20181031;18,02;28,01;12,83;10,20;9,60;1,15;1,87;18,31;20,18;;;;;;
AT13;92300;92300;2018;20181031;18,35;25,73;11,87;10,03;9,77;1,25;2,12;20,87;22,99;;;;;;
AT13;90000;90000;2019;20191032;21,42;21,63;9,28;11,18;7,53;1,02;1,73;26,20;27,93;;;;;;
AT13;90100;90100;2019;20191031;8,55;9,20;7,07;15,46;7,04;1,10;2,02;49,56;51,58;;;;;;
AT13;90200;90200;2019;20191031;19,97;17,83;7,49;11,84;6,79;0,97;1,73;33,37;35,10;;;;;;
AT13;90300;90300;2019;20191031;16,18;16,10;7,97;12,60;7,63;1,22;2,01;36,29;38,30;;;;;;
AT13;90400;90400;2019;20191031;12,15;11,93;6,30;14,13;7,03;1,16;1,91;45,39;47,30;;;;;;
AT13;90500;90500;2019;20191031;20,99;16,68;6,92;13,19;7,02;1,15;1,66;32,39;34,05;;;;;;
AT13;90600;90600;2019;20191031;12,82;13,24;6,44;14,30;7,31;1,24;1,88;42,75;44,63;;;;;;
AT13;90700;90700;2019;20191031;9,99;11,17;6,00;14,15;7,45;1,33;1,85;48,06;49,91;;;;;;
AT13;90800;90800;2019;20191031;9,61;10,77;6,49;14,62;6,61;1,13;2,26;48,52;50,77;;;;;;
AT13;90900;90900;2019;20191031;11,02;10,83;6,29;14,23;6,78;0,99;1,82;48,03;49,86;;;;;;
AT13;91000;91000;2019;20191031;32,49;26,58;9,06;9,05;6,96;0,74;1,24;13,89;15,12;;;;;;
AT13;91100;91100;2019;20191031;28,09;30,16;11,05;8,77;7,39;0,75;1,19;12,60;13,79;;;;;;
AT13;91200;91200;2019;20191031;26,95;22,64;9,58;10,29;7,24;0,90;1,58;20,82;22,39;;;;;;
AT13;91300;91300;2019;20191031;11,16;14,96;8,86;13,23;8,34;1,20;2,42;39,83;42,25;;;;;;
AT13;91400;91400;2019;20191031;18,96;20,90;10,27;11,47;8,15;1,21;2,15;26,91;29,05;;;;;;
AT13;91500;91500;2019;20191031;25,91;21,32;7,76;11,78;6,72;0,90;1,45;24,16;25,61;;;;;;
AT13;91600;91600;2019;20191031;26,01;20,93;9,24;10,91;6,51;0,91;1,78;23,72;25,49;;;;;;
AT13;91700;91700;2019;20191031;21,28;18,17;8,64;11,73;6,68;1,11;1,99;30,40;32,39;;;;;;
AT13;91800;91800;2019;20191031;12,31;12,16;7,00;13,10;6,50;1,15;2,32;45,45;47,77;;;;;;
AT13;91900;91900;2019;20191031;13,93;15,88;8,12;13,59;7,18;1,16;2,09;38,04;40,14;;;;;;
AT13;92000;92000;2019;20191031;29,32;22,03;8,40;11,05;6,16;0,77;1,27;21,00;22,27;;;;;;
AT13;92100;92100;2019;20191031;23,74;29,39;11,46;9,26;7,99;0,97;1,57;15,63;17,20;;;;;;
AT13;92200;92200;2019;20191031;18,02;27,44;12,61;10,19;9,46;1,15;1,83;19,30;21,13;;;;;;
AT13;92300;92300;2019;20191031;18,27;25,36;11,49;10,25;9,83;1,26;2,00;21,54;23,54;;;;;;
AT13;90000;90000;2020;20201032;21,34;21,06;9,07;11,26;7,50;1,03;1,66;27,07;28,73;;;;;;
AT13;90100;90100;2020;20201031;8,09;9,06;6,92;15,50;6,97;0,97;1,82;50,67;52,49;;;;;;
AT13;90200;90200;2020;20201031;19,46;17,01;7,40;11,87;6,64;0,97;1,66;34,99;36,65;;;;;;
AT13;90300;90300;2020;20201031;15,78;15,55;7,72;12,67;7,61;1,21;1,89;37,57;39,45;;;;;;
AT13;90400;90400;2020;20201031;11,78;11,47;6,19;14,02;7,12;1,16;1,82;46,44;48,26;;;;;;
AT13;90500;90500;2020;20201031;20,70;16,23;6,75;13,33;6,74;1,12;1,58;33,53;35,11;;;;;;
AT13;90600;90600;2020;20201031;12,37;12,52;6,09;14,41;7,20;1,33;1,78;44,30;46,08;;;;;;
AT13;90700;90700;2020;20201031;9,51;10,56;5,61;14,07;7,15;1,41;1,71;49,99;51,69;;;;;;
AT13;90800;90800;2020;20201031;9,51;10,02;6,28;14,53;6,55;1,11;2,04;49,96;52,00;;;;;;
AT13;90900;90900;2020;20201031;10,60;10,47;6,06;14,08;6,69;1,04;1,76;49,28;51,05;;;;;;
AT13;91000;91000;2020;20201031;32,47;25,71;8,94;9,25;6,98;0,75;1,19;14,72;15,91;;;;;;
AT13;91100;91100;2020;20201031;28,18;29,57;10,87;8,92;7,44;0,77;1,16;13,08;14,25;;;;;;
AT13;91200;91200;2020;20201031;27,09;21,95;9,28;10,51;7,29;0,91;1,50;21,47;22,97;;;;;;
AT13;91300;91300;2020;20201031;11,43;14,53;8,62;13,19;8,29;1,18;2,35;40,41;42,76;;;;;;
AT13;91400;91400;2020;20201031;18,73;20,35;10,07;11,57;8,11;1,22;2,09;27,87;29,96;;;;;;
AT13;91500;91500;2020;20201031;25,59;20,57;7,59;11,81;6,76;0,96;1,38;25,34;26,72;;;;;;
AT13;91600;91600;2020;20201031;25,66;20,28;9,07;11,17;6,48;0,95;1,76;24,65;26,40;;;;;;
AT13;91700;91700;2020;20201031;21,33;17,55;8,18;11,81;6,71;1,10;1,85;31,47;33,32;;;;;;
AT13;91800;91800;2020;20201031;12,05;11,71;6,75;13,10;6,36;1,12;2,24;46,67;48,91;;;;;;
AT13;91900;91900;2020;20201031;13,96;15,27;7,87;13,63;7,12;1,16;2,04;38,93;40,98;;;;;;
AT13;92000;92000;2020;20201031;29,14;21,31;8,33;11,08;6,17;0,76;1,25;21,97;23,22;;;;;;
AT13;92100;92100;2020;20201031;23,94;28,76;11,13;9,44;7,95;0,98;1,51;16,29;17,80;;;;;;
AT13;92200;92200;2020;20201031;18,13;26,88;12,22;10,30;9,36;1,19;1,77;20,14;21,92;;;;;;
AT13;92300;92300;2020;20201031;18,38;24,83;11,24;10,27;9,79;1,28;1,94;22,27;24,20;;;;;;
AT13;90000;90000;2021;20211031;21,16;20,68;8,88;11,29;7,44;1,04;1,62;27,89;29,51;;;;;;
AT13;90100;90100;2021;20211031;8,13;8,68;6,87;15,34;7,04;0,90;1,94;51,11;53,04;;;;;;
AT13;90200;90200;2021;20211031;18,99;16,49;7,33;11,91;6,47;1,00;1,60;36,21;37,81;;;;;;
AT13;90300;90300;2021;20211031;15,06;15,08;7,51;12,54;7,60;1,22;1,85;39,13;40,99;;;;;;
AT13;90400;90400;2021;20211031;11,50;11,32;6,19;13,84;6,95;1,12;1,80;47,28;49,09;;;;;;
AT13;90500;90500;2021;20211031;20,42;15,84;6,46;13,25;6,66;1,06;1,55;34,76;36,31;;;;;;
AT13;90600;90600;2021;20211031;11,70;12,05;6,09;14,42;7,16;1,30;1,78;45,48;47,27;;;;;;
AT13;90700;90700;2021;20211031;8,97;10,12;5,44;13,90;7,14;1,37;1,87;51,19;53,06;;;;;;
AT13;90800;90800;2021;20211031;9,28;9,98;5,98;14,42;6,42;1,07;1,98;50,87;52,85;;;;;;
AT13;90900;90900;2021;20211031;10,24;10,29;5,85;13,74;6,61;1,06;1,75;50,48;52,22;;;;;;
AT13;91000;91000;2021;20211031;32,38;25,06;8,75;9,46;6,94;0,80;1,16;15,45;16,61;;;;;;
AT13;91100;91100;2021;20211031;28,34;29,16;10,56;9,14;7,45;0,80;1,17;13,38;14,55;;;;;;
AT13;91200;91200;2021;20211031;26,97;21,60;9,02;10,53;7,20;0,91;1,43;22,33;23,76;;;;;;
AT13;91300;91300;2021;20211031;11,27;14,14;8,42;13,04;8,24;1,15;2,22;41,52;43,74;;;;;;
AT13;91400;91400;2021;20211031;18,37;19,98;9,87;11,65;7,99;1,25;2,06;28,83;30,89;;;;;;
AT13;91500;91500;2021;20211031;25,40;20,02;7,43;11,83;6,57;0,95;1,37;26,43;27,80;;;;;;
AT13;91600;91600;2021;20211031;25,56;19,95;8,96;11,13;6,33;0,97;1,67;25,43;27,10;;;;;;
AT13;91700;91700;2021;20211031;20,83;17,27;7,98;11,94;6,53;1,13;1,84;32,48;34,32;;;;;;
AT13;91800;91800;2021;20211031;11,66;11,24;6,60;13,02;6,34;1,07;2,20;47,88;50,07;;;;;;
AT13;91900;91900;2021;20211031;13,83;14,94;7,72;13,41;7,11;1,15;1,96;39,88;41,84;;;;;;
AT13;92000;92000;2021;20211031;28,62;20,83;8,14;11,27;6,05;0,82;1,24;23,02;24,26;;;;;;
AT13;92100;92100;2021;20211031;23,95;28,22;10,90;9,55;7,93;0,99;1,44;17,02;18,46;;;;;;
AT13;92200;92200;2021;20211031;18,01;26,33;11,85;10,47;9,28;1,20;1,71;21,16;22,87;;;;;;
AT13;92300;92300;2021;20211031;18,62;24,45;10,95;10,33;9,76;1,28;1,85;22,76;24,61;;;;;;
AT13;90000;90000;2022;20221031;21,02;20,13;8,82;11,28;7,38;1,04;1,69;28,63;30,32;;;;;;
AT13;90100;90100;2022;20221031;7,72;9,18;7,14;15,04;6,80;0,98;2,22;50,93;53,15;;;;;;
AT13;90200;90200;2022;20221031;18,28;15,80;7,36;11,84;6,65;1,04;1,73;37,31;39,04;;;;;;
AT13;90300;90300;2022;20221031;14,69;14,61;7,64;12,34;7,52;1,20;1,99;40,02;42,00;;;;;;
AT13;90400;90400;2022;20221031;11,43;10,74;6,26;13,67;6,90;1,09;2,01;47,90;49,91;;;;;;
AT13;90500;90500;2022;20221031;20,29;15,19;6,46;13,29;6,49;1,04;1,73;35,50;37,23;;;;;;
AT13;90600;90600;2022;20221031;11,63;11,61;6,11;13,81;7,13;1,20;2,01;46,51;48,51;;;;;;
AT13;90700;90700;2022;20221031;8,54;9,79;5,41;13,66;6,95;1,34;2,05;52,26;54,31;;;;;;
AT13;90800;90800;2022;20221031;8,96;9,76;5,97;14,04;6,35;1,12;1,99;51,81;53,80;;;;;;
AT13;90900;90900;2022;20221031;10,10;10,35;6,20;13,23;6,40;1,01;1,92;50,79;52,71;;;;;;
AT13;91000;91000;2022;20221031;32,44;24,36;8,65;9,60;6,83;0,79;1,21;16,13;17,34;;;;;;
AT13;91100;91100;2022;20221031;28,54;28,51;10,50;9,28;7,39;0,78;1,20;13,80;15,00;;;;;;
AT13;91200;91200;2022;20221031;26,84;20,85;8,98;10,68;7,18;0,90;1,50;23,08;24,58;;;;;;
AT13;91300;91300;2022;20221031;11,29;13,64;8,32;12,89;8,14;1,21;2,24;42,28;44,52;;;;;;
AT13;91400;91400;2022;20221031;18,34;19,38;9,61;11,64;7,90;1,21;2,09;29,83;31,92;;;;;;
AT13;91500;91500;2022;20221031;24,94;19,17;7,27;11,97;6,65;0,95;1,44;27,62;29,06;;;;;;
AT13;91600;91600;2022;20221031;25,73;19,33;8,82;11,27;6,21;0,97;1,75;25,92;27,67;;;;;;
AT13;91700;91700;2022;20221031;20,61;16,76;7,99;11,80;6,36;1,13;1,83;33,52;35,35;;;;;;
AT13;91800;91800;2022;20221031;11,32;10,89;6,64;13,00;6,18;1,10;2,30;48,57;50,87;;;;;;
AT13;91900;91900;2022;20221031;13,63;14,53;7,92;13,26;7,01;1,20;2,22;40,21;42,44;;;;;;
AT13;92000;92000;2022;20221031;28,09;20,32;8,20;11,37;6,07;0,83;1,36;23,76;25,12;;;;;;
AT13;92100;92100;2022;20221031;23,94;27,49;10,74;9,68;7,91;0,99;1,48;17,77;19,25;;;;;;
AT13;92200;92200;2022;20221031;17,86;25,63;11,56;10,52;9,26;1,20;1,73;22,25;23,98;;;;;;
AT13;92300;92300;2022;20221031;18,62;24,02;10,75;10,31;9,60;1,29;1,81;23,60;25,41;;;;;;
AT13;90000;90000;2023;20231031;21,05;19,65;8,62;11,30;7,30;1,04;1,62;29,41;31,03;;;;;;
AT13;90100;90100;2023;20231031;7,36;9,10;7,07;15,27;6,82;0,97;2,33;51,09;53,42;;;;;;
AT13;90200;90200;2023;20231031;17,76;15,17;7,22;11,72;6,58;1,01;1,70;38,86;40,55;;;;;;
AT13;90300;90300;2023;20231031;14,55;14,21;7,30;12,35;7,41;1,19;1,86;41,12;42,99;;;;;;
AT13;90400;90400;2023;20231031;11,57;10,49;5,93;13,40;6,76;1,09;1,99;48,77;50,77;;;;;;
AT13;90500;90500;2023;20231031;20,28;14,74;6,36;13,01;6,34;1,07;1,73;36,46;38,19;;;;;;
AT13;90600;90600;2023;20231031;11,51;11,27;6,03;13,50;6,88;1,16;1,91;47,74;49,65;;;;;;
AT13;90700;90700;2023;20231031;8,41;9,43;5,34;13,20;6,75;1,26;1,90;53,72;55,62;;;;;;
AT13;90800;90800;2023;20231031;8,84;9,45;5,71;14,23;6,38;1,00;1,86;52,52;54,39;;;;;;
AT13;90900;90900;2023;20231031;9,77;9,78;5,75;13,16;6,27;1,06;1,75;52,46;54,21;;;;;;
AT13;91000;91000;2023;20231031;32,73;23,77;8,52;9,72;6,70;0,78;1,17;16,61;17,78;;;;;;
AT13;91100;91100;2023;20231031;28,91;27,75;10,25;9,35;7,37;0,77;1,15;14,45;15,60;;;;;;
AT13;91200;91200;2023;20231031;26,78;20,16;8,82;10,86;7,05;0,93;1,40;24,00;25,40;;;;;;
AT13;91300;91300;2023;20231031;11,42;13,63;8,07;12,76;8,05;1,17;2,17;42,73;44,90;;;;;;
AT13;91400;91400;2023;20231031;18,18;18,61;9,17;11,78;7,87;1,26;1,97;31,17;33,14;;;;;;
AT13;91500;91500;2023;20231031;25,10;18,64;7,30;11,82;6,46;0,93;1,36;28,39;29,75;;;;;;
AT13;91600;91600;2023;20231031;25,68;18,79;8,63;11,36;6,16;1,00;1,68;26,71;28,39;;;;;;
AT13;91700;91700;2023;20231031;20,54;16,30;7,88;11,84;6,37;1,14;1,75;34,16;35,92;;;;;;
AT13;91800;91800;2023;20231031;11,07;10,70;6,42;12,83;6,07;1,11;2,18;49,62;51,81;;;;;;
AT13;91900;91900;2023;20231031;13,57;14,15;7,69;13,25;6,95;1,17;2,08;41,13;43,21;;;;;;
AT13;92000;92000;2023;20231031;27,91;19,61;8,09;11,43;6,06;0,84;1,33;24,74;26,06;;;;;;
AT13;92100;92100;2023;20231031;24,21;26,96;10,46;9,86;7,78;1,01;1,40;18,31;19,71;;;;;;
AT13;92200;92200;2023;20231031;17,97;25,02;11,22;10,61;9,13;1,21;1,69;23,16;24,84;;;;;;
AT13;92300;92300;2023;20231031;18,83;23,75;10,55;10,43;9,56;1,27;1,72;23,88;25,60;;;;;;
;;;;;;;;;;;;;;;;;;;
;;;;;;;;;;;;;;;;;;;
